id,Name,first_name,last_name,canton_de,canton_fr,canton_it,party_de,party_fr,party_it,council_de,council_fr,council_it,parl_group_de,parl_group_fr,parl_group_it
491,Pierre-Yves Maillard,Pierre-Yves,Maillard,Waadt,Vaud,Vaud,Sozialdemokratische Partei der Schweiz,Parti socialiste suisse,Partito socialista svizzero,Nationalrat,Conseil national,Consiglio nazionale,Sozialdemokratische Fraktion,Groupe socialiste,Gruppo socialista
1109,Gerhard Pfister,Gerhard,Pfister,Zug,Zoug,Zugo,Die Mitte,Le Centre,Alleanza del Centro,Nationalrat,Conseil national,Consiglio nazionale,Die Mitte-Fraktion. Die Mitte. EVP.,Le Groupe du Centre. Le Centre. PEV.,Il Gruppo del Centro. Alleanza del Centro. PEV.
1122,Kurt Fluri,Kurt,Fluri,Solothurn,Soleure,Soletta,FDP.Die Liberalen,PLR.Les Libéraux-Radicaux,PLR.I Liberali Radicali,Nationalrat,Conseil national,Consiglio nazionale,FDP-Liberale Fraktion,Groupe libéral-radical,Gruppo liberale radicale
1138,Martin Bäumle,Martin,Bäumle,Zürich,Zurich,Zurigo,Grünliberale Partei,Parti vert'libéral,Partito Verde liberale,Nationalrat,Conseil national,Consiglio nazionale,Grünliberale Fraktion,Groupe vert'libéral,Gruppo verde liberale
1139,Christa Markwalder,Christa,Markwalder,Bern,Berne,Berna,FDP.Die Liberalen,PLR.Les Libéraux-Radicaux,PLR.I Liberali Radicali,Nationalrat,Conseil national,Consiglio nazionale,FDP-Liberale Fraktion,Groupe libéral-radical,Gruppo liberale radicale
1142,Walter Wobmann,Walter,Wobmann,Solothurn,Soleure,Soletta,Schweizerische Volkspartei,Union Démocratique du Centre,Unione democratica di Centro,Nationalrat,Conseil national,Consiglio nazionale,Fraktion der Schweizerischen Volkspartei,Groupe de l'Union démocratique du Centre,Gruppo dell'Unione democratica di Centro
1159,Pirmin Schwander,Pirmin,Schwander,Schwyz,Schwyz,Svitto,Schweizerische Volkspartei,Union Démocratique du Centre,Unione democratica di Centro,Nationalrat,Conseil national,Consiglio nazionale,Fraktion der Schweizerischen Volkspartei,Groupe de l'Union démocratique du Centre,Gruppo dell'Unione democratica di Centro
1279,Roger Nordmann,Roger,Nordmann,Waadt,Vaud,Vaud,Sozialdemokratische Partei der Schweiz,Parti socialiste suisse,Partito socialista svizzero,Nationalrat,Conseil national,Consiglio nazionale,Sozialdemokratische Fraktion,Groupe socialiste,Gruppo socialista
1295,Edith Graf-Litscher,Edith,Graf-Litscher,Thurgau,Thurgovie,Turgovia,Sozialdemokratische Partei der Schweiz,Parti socialiste suisse,Partito socialista svizzero,Nationalrat,Conseil national,Consiglio nazionale,Sozialdemokratische Fraktion,Groupe socialiste,Gruppo socialista
1337,Ida Glanzmann-Hunkeler,Ida,Glanzmann-Hunkeler,Luzern,Lucerne,Lucerna,Die Mitte,Le Centre,Alleanza del Centro,Nationalrat,Conseil national,Consiglio nazionale,Die Mitte-Fraktion. Die Mitte. EVP.,Le Groupe du Centre. Le Centre. PEV.,Il Gruppo del Centro. Alleanza del Centro. PEV.
3867,Andreas Aebi,Andreas,Aebi,Bern,Berne,Berna,Schweizerische Volkspartei,Union Démocratique du Centre,Unione democratica di Centro,Nationalrat,Conseil national,Consiglio nazionale,Fraktion der Schweizerischen Volkspartei,Groupe de l'Union démocratique du Centre,Gruppo dell'Unione democratica di Centro
3872,Jacques Bourgeois,Jacques,Bourgeois,Freiburg,Fribourg,Friburgo,FDP.Die Liberalen,PLR.Les Libéraux-Radicaux,PLR.I Liberali Radicali,Nationalrat,Conseil national,Consiglio nazionale,FDP-Liberale Fraktion,Groupe libéral-radical,Gruppo liberale radicale
3876,Yvette Estermann,Yvette,Estermann,Luzern,Lucerne,Lucerna,Schweizerische Volkspartei,Union Démocratique du Centre,Unione democratica di Centro,Nationalrat,Conseil national,Consiglio nazionale,Fraktion der Schweizerischen Volkspartei,Groupe de l'Union démocratique du Centre,Gruppo dell'Unione democratica di Centro
3877,Doris Fiala,Doris,Fiala,Zürich,Zurich,Zurigo,FDP.Die Liberalen,PLR.Les Libéraux-Radicaux,PLR.I Liberali Radicali,Nationalrat,Conseil national,Consiglio nazionale,FDP-Liberale Fraktion,Groupe libéral-radical,Gruppo liberale radicale
3880,Andrea Martina Geissbühler,Andrea Martina,Geissbühler,Bern,Berne,Berna,Schweizerische Volkspartei,Union Démocratique du Centre,Unione democratica di Centro,Nationalrat,Conseil national,Consiglio nazionale,Fraktion der Schweizerischen Volkspartei,Groupe de l'Union démocratique du Centre,Gruppo dell'Unione democratica di Centro
3882,Bastien Girod,Bastien,Girod,Zürich,Zurich,Zurigo,GRÜNE Schweiz,Les VERT-E-S suisses,VERDI Svizzeri,Nationalrat,Conseil national,Consiglio nazionale,Grüne Fraktion,Groupe des VERT-E-S,Gruppo dei Verdi
3885,Jean-Pierre Grin,Jean-Pierre,Grin,Waadt,Vaud,Vaud,Schweizerische Volkspartei,Union Démocratique du Centre,Unione democratica di Centro,Nationalrat,Conseil national,Consiglio nazionale,Fraktion der Schweizerischen Volkspartei,Groupe de l'Union démocratique du Centre,Gruppo dell'Unione democratica di Centro
3887,Alfred Heer,Alfred,Heer,Zürich,Zurich,Zurigo,Schweizerische Volkspartei,Union Démocratique du Centre,Unione democratica di Centro,Nationalrat,Conseil national,Consiglio nazionale,Fraktion der Schweizerischen Volkspartei,Groupe de l'Union démocratique du Centre,Gruppo dell'Unione democratica di Centro
3890,Thomas Hurter,Thomas,Hurter,Schaffhausen,Schaffhouse,Sciaffusa,Schweizerische Volkspartei,Union Démocratique du Centre,Unione democratica di Centro,Nationalrat,Conseil national,Consiglio nazionale,Fraktion der Schweizerischen Volkspartei,Groupe de l'Union démocratique du Centre,Gruppo dell'Unione democratica di Centro
3895,Christian Lüscher,Christian,Lüscher,Genf,Genève,Ginevra,FDP.Die Liberalen,PLR.Les Libéraux-Radicaux,PLR.I Liberali Radicali,Nationalrat,Conseil national,Consiglio nazionale,FDP-Liberale Fraktion,Groupe libéral-radical,Gruppo liberale radicale
3897,Tiana Angelina Moser,Tiana Angelina,Moser,Zürich,Zurich,Zurigo,Grünliberale Partei,Parti vert'libéral,Partito Verde liberale,Nationalrat,Conseil national,Consiglio nazionale,Grünliberale Fraktion,Groupe vert'libéral,Gruppo verde liberale
3898,Yves Nidegger,Yves,Nidegger,Genf,Genève,Ginevra,Schweizerische Volkspartei,Union Démocratique du Centre,Unione democratica di Centro,Nationalrat,Conseil national,Consiglio nazionale,Fraktion der Schweizerischen Volkspartei,Groupe de l'Union démocratique du Centre,Gruppo dell'Unione democratica di Centro
3899,Eric Nussbaumer,Eric,Nussbaumer,Basel-Landschaft,Bâle-Campagne,Basilea-Campagna,Sozialdemokratische Partei der Schweiz,Parti socialiste suisse,Partito socialista svizzero,Nationalrat,Conseil national,Consiglio nazionale,Sozialdemokratische Fraktion,Groupe socialiste,Gruppo socialista
3901,Lukas Reimann,Lukas,Reimann,St. Gallen,St-Gall,San Gallo,Schweizerische Volkspartei,Union Démocratique du Centre,Unione democratica di Centro,Nationalrat,Conseil national,Consiglio nazionale,Fraktion der Schweizerischen Volkspartei,Groupe de l'Union démocratique du Centre,Gruppo dell'Unione democratica di Centro
3910,Erich von Siebenthal,Erich,von Siebenthal,Bern,Berne,Berna,Schweizerische Volkspartei,Union Démocratique du Centre,Unione democratica di Centro,Nationalrat,Conseil national,Consiglio nazionale,Fraktion der Schweizerischen Volkspartei,Groupe de l'Union démocratique du Centre,Gruppo dell'Unione democratica di Centro
3912,Christian Wasserfallen,Christian,Wasserfallen,Bern,Berne,Berna,FDP.Die Liberalen,PLR.Les Libéraux-Radicaux,PLR.I Liberali Radicali,Nationalrat,Conseil national,Consiglio nazionale,FDP-Liberale Fraktion,Groupe libéral-radical,Gruppo liberale radicale
3923,Ada Marra,Ada,Marra,Waadt,Vaud,Vaud,Sozialdemokratische Partei der Schweiz,Parti socialiste suisse,Partito socialista svizzero,Nationalrat,Conseil national,Consiglio nazionale,Sozialdemokratische Fraktion,Groupe socialiste,Gruppo socialista
3999,Katharina Prelicz-Huber,Katharina,Prelicz-Huber,Zürich,Zurich,Zurigo,GRÜNE Schweiz,Les VERT-E-S suisses,VERDI Svizzeri,Nationalrat,Conseil national,Consiglio nazionale,Grüne Fraktion,Groupe des VERT-E-S,Gruppo dei Verdi
4008,Martin Landolt,Martin,Landolt,Glarus,Glaris,Glarona,Die Mitte,Le Centre,Alleanza del Centro,Nationalrat,Conseil national,Consiglio nazionale,Die Mitte-Fraktion. Die Mitte. EVP.,Le Groupe du Centre. Le Centre. PEV.,Il Gruppo del Centro. Alleanza del Centro. PEV.
4025,Roland Rino Büchel,Roland Rino,Büchel,St. Gallen,St-Gall,San Gallo,Schweizerische Volkspartei,Union Démocratique du Centre,Unione democratica di Centro,Nationalrat,Conseil national,Consiglio nazionale,Fraktion der Schweizerischen Volkspartei,Groupe de l'Union démocratique du Centre,Gruppo dell'Unione democratica di Centro
4030,Prisca Birrer-Heimo,Prisca,Birrer-Heimo,Luzern,Lucerne,Lucerna,Sozialdemokratische Partei der Schweiz,Parti socialiste suisse,Partito socialista svizzero,Nationalrat,Conseil national,Consiglio nazionale,Sozialdemokratische Fraktion,Groupe socialiste,Gruppo socialista
4040,Elisabeth Schneider-Schneiter,Elisabeth,Schneider-Schneiter,Basel-Landschaft,Bâle-Campagne,Basilea-Campagna,Die Mitte,Le Centre,Alleanza del Centro,Nationalrat,Conseil national,Consiglio nazionale,Die Mitte-Fraktion. Die Mitte. EVP.,Le Groupe du Centre. Le Centre. PEV.,Il Gruppo del Centro. Alleanza del Centro. PEV.
4046,Lorenzo Quadri,Lorenzo,Quadri,Tessin,Tessin,Ticino,Lega dei Ticinesi,Lega dei Ticinesi,Lega dei Ticinesi,Nationalrat,Conseil national,Consiglio nazionale,Fraktion der Schweizerischen Volkspartei,Groupe de l'Union démocratique du Centre,Gruppo dell'Unione democratica di Centro
4049,Matthias Aebischer,Matthias,Aebischer,Bern,Berne,Berna,Sozialdemokratische Partei der Schweiz,Parti socialiste suisse,Partito socialista svizzero,Nationalrat,Conseil national,Consiglio nazionale,Sozialdemokratische Fraktion,Groupe socialiste,Gruppo socialista
4051,Thomas de Courten,Thomas,de Courten,Basel-Landschaft,Bâle-Campagne,Basilea-Campagna,Schweizerische Volkspartei,Union Démocratique du Centre,Unione democratica di Centro,Nationalrat,Conseil national,Consiglio nazionale,Fraktion der Schweizerischen Volkspartei,Groupe de l'Union démocratique du Centre,Gruppo dell'Unione democratica di Centro
4052,Markus Ritter,Markus,Ritter,St. Gallen,St-Gall,San Gallo,Die Mitte,Le Centre,Alleanza del Centro,Nationalrat,Conseil national,Consiglio nazionale,Die Mitte-Fraktion. Die Mitte. EVP.,Le Groupe du Centre. Le Centre. PEV.,Il Gruppo del Centro. Alleanza del Centro. PEV.
4053,Thomas Aeschi,Thomas,Aeschi,Zug,Zoug,Zugo,Schweizerische Volkspartei,Union Démocratique du Centre,Unione democratica di Centro,Nationalrat,Conseil national,Consiglio nazionale,Fraktion der Schweizerischen Volkspartei,Groupe de l'Union démocratique du Centre,Gruppo dell'Unione democratica di Centro
4057,Cédric Wermuth,Cédric,Wermuth,Aargau,Argovie,Argovia,Sozialdemokratische Partei der Schweiz,Parti socialiste suisse,Partito socialista svizzero,Nationalrat,Conseil national,Consiglio nazionale,Sozialdemokratische Fraktion,Groupe socialiste,Gruppo socialista
4058,Jacqueline Badran,Jacqueline,Badran,Zürich,Zurich,Zurigo,Sozialdemokratische Partei der Schweiz,Parti socialiste suisse,Partito socialista svizzero,Nationalrat,Conseil national,Consiglio nazionale,Sozialdemokratische Fraktion,Groupe socialiste,Gruppo socialista
4059,Beat Flach,Beat,Flach,Aargau,Argovie,Argovia,Grünliberale Partei,Parti vert'libéral,Partito Verde liberale,Nationalrat,Conseil national,Consiglio nazionale,Grünliberale Fraktion,Groupe vert'libéral,Gruppo verde liberale
4060,Daniela Schneeberger,Daniela,Schneeberger,Basel-Landschaft,Bâle-Campagne,Basilea-Campagna,FDP.Die Liberalen,PLR.Les Libéraux-Radicaux,PLR.I Liberali Radicali,Nationalrat,Conseil national,Consiglio nazionale,FDP-Liberale Fraktion,Groupe libéral-radical,Gruppo liberale radicale
4063,Stefan Müller-Altermatt,Stefan,Müller-Altermatt,Solothurn,Soleure,Soletta,Die Mitte,Le Centre,Alleanza del Centro,Nationalrat,Conseil national,Consiglio nazionale,Die Mitte-Fraktion. Die Mitte. EVP.,Le Groupe du Centre. Le Centre. PEV.,Il Gruppo del Centro. Alleanza del Centro. PEV.
4065,Nadja Umbricht Pieren,Nadja,Umbricht Pieren,Bern,Berne,Berna,Schweizerische Volkspartei,Union Démocratique du Centre,Unione democratica di Centro,Nationalrat,Conseil national,Consiglio nazionale,Fraktion der Schweizerischen Volkspartei,Groupe de l'Union démocratique du Centre,Gruppo dell'Unione democratica di Centro
4069,Yvonne Feri,Yvonne,Feri,Aargau,Argovie,Argovia,Sozialdemokratische Partei der Schweiz,Parti socialiste suisse,Partito socialista svizzero,Nationalrat,Conseil national,Consiglio nazionale,Sozialdemokratische Fraktion,Groupe socialiste,Gruppo socialista
4070,Martin Candinas,Martin,Candinas,Graubünden,Grisons,Grigioni,Die Mitte,Le Centre,Alleanza del Centro,Nationalrat,Conseil national,Consiglio nazionale,Die Mitte-Fraktion. Die Mitte. EVP.,Le Groupe du Centre. Le Centre. PEV.,Il Gruppo del Centro. Alleanza del Centro. PEV.
4072,Fabio Regazzi,Fabio,Regazzi,Tessin,Tessin,Ticino,Die Mitte,Le Centre,Alleanza del Centro,Nationalrat,Conseil national,Consiglio nazionale,Die Mitte-Fraktion. Die Mitte. EVP.,Le Groupe du Centre. Le Centre. PEV.,Il Gruppo del Centro. Alleanza del Centro. PEV.
4074,Pierre-Alain Fridez,Pierre-Alain,Fridez,Jura,Jura,Giura,Sozialdemokratische Partei der Schweiz,Parti socialiste suisse,Partito socialista svizzero,Nationalrat,Conseil national,Consiglio nazionale,Sozialdemokratische Fraktion,Groupe socialiste,Gruppo socialista
4077,Olivier Feller,Olivier,Feller,Waadt,Vaud,Vaud,FDP.Die Liberalen,PLR.Les Libéraux-Radicaux,PLR.I Liberali Radicali,Nationalrat,Conseil national,Consiglio nazionale,FDP-Liberale Fraktion,Groupe libéral-radical,Gruppo liberale radicale
4083,Jürg Grossen,Jürg,Grossen,Bern,Berne,Berna,Grünliberale Partei,Parti vert'libéral,Partito Verde liberale,Nationalrat,Conseil national,Consiglio nazionale,Grünliberale Fraktion,Groupe vert'libéral,Gruppo verde liberale
4087,Jean-Paul Gschwind,Jean-Paul,Gschwind,Jura,Jura,Giura,Die Mitte,Le Centre,Alleanza del Centro,Nationalrat,Conseil national,Consiglio nazionale,Die Mitte-Fraktion. Die Mitte. EVP.,Le Groupe du Centre. Le Centre. PEV.,Il Gruppo del Centro. Alleanza del Centro. PEV.
4089,Roland Fischer,Roland,Fischer,Luzern,Lucerne,Lucerna,Grünliberale Partei,Parti vert'libéral,Partito Verde liberale,Nationalrat,Conseil national,Consiglio nazionale,Grünliberale Fraktion,Groupe vert'libéral,Gruppo verde liberale
4090,Céline Amaudruz,Céline,Amaudruz,Genf,Genève,Ginevra,Schweizerische Volkspartei,Union Démocratique du Centre,Unione democratica di Centro,Nationalrat,Conseil national,Consiglio nazionale,Fraktion der Schweizerischen Volkspartei,Groupe de l'Union démocratique du Centre,Gruppo dell'Unione democratica di Centro
4093,Balthasar Glättli,Balthasar,Glättli,Zürich,Zurich,Zurigo,GRÜNE Schweiz,Les VERT-E-S suisses,VERDI Svizzeri,Nationalrat,Conseil national,Consiglio nazionale,Grüne Fraktion,Groupe des VERT-E-S,Gruppo dei Verdi
4094,Lorenz Hess,Lorenz,Hess,Bern,Berne,Berna,Die Mitte,Le Centre,Alleanza del Centro,Nationalrat,Conseil national,Consiglio nazionale,Die Mitte-Fraktion. Die Mitte. EVP.,Le Groupe du Centre. Le Centre. PEV.,Il Gruppo del Centro. Alleanza del Centro. PEV.
4096,Alois Gmür,Alois,Gmür,Schwyz,Schwyz,Svitto,Die Mitte,Le Centre,Alleanza del Centro,Nationalrat,Conseil national,Consiglio nazionale,Die Mitte-Fraktion. Die Mitte. EVP.,Le Groupe du Centre. Le Centre. PEV.,Il Gruppo del Centro. Alleanza del Centro. PEV.
4097,Leo Müller,Leo,Müller,Luzern,Lucerne,Lucerna,Die Mitte,Le Centre,Alleanza del Centro,Nationalrat,Conseil national,Consiglio nazionale,Die Mitte-Fraktion. Die Mitte. EVP.,Le Groupe du Centre. Le Centre. PEV.,Il Gruppo del Centro. Alleanza del Centro. PEV.
4098,Peter Keller,Peter,Keller,Nidwalden,Nidwald,Nidvaldo,Schweizerische Volkspartei,Union Démocratique du Centre,Unione democratica di Centro,Nationalrat,Conseil national,Consiglio nazionale,Fraktion der Schweizerischen Volkspartei,Groupe de l'Union démocratique du Centre,Gruppo dell'Unione democratica di Centro
4101,Christine Bulliard-Marbach,Christine,Bulliard-Marbach,Freiburg,Fribourg,Friburgo,Die Mitte,Le Centre,Alleanza del Centro,Nationalrat,Conseil national,Consiglio nazionale,Die Mitte-Fraktion. Die Mitte. EVP.,Le Groupe du Centre. Le Centre. PEV.,Il Gruppo del Centro. Alleanza del Centro. PEV.
4102,Kathrin Bertschy,Kathrin,Bertschy,Bern,Berne,Berna,Grünliberale Partei,Parti vert'libéral,Partito Verde liberale,Nationalrat,Conseil national,Consiglio nazionale,Grünliberale Fraktion,Groupe vert'libéral,Gruppo verde liberale
4109,Valérie Piller Carrard,Valérie,Piller Carrard,Freiburg,Fribourg,Friburgo,Sozialdemokratische Partei der Schweiz,Parti socialiste suisse,Partito socialista svizzero,Nationalrat,Conseil national,Consiglio nazionale,Sozialdemokratische Fraktion,Groupe socialiste,Gruppo socialista
4116,Petra Gössi,Petra,Gössi,Schwyz,Schwyz,Svitto,FDP.Die Liberalen,PLR.Les Libéraux-Radicaux,PLR.I Liberali Radicali,Nationalrat,Conseil national,Consiglio nazionale,FDP-Liberale Fraktion,Groupe libéral-radical,Gruppo liberale radicale
4118,Christian Lohr,Christian,Lohr,Thurgau,Thurgovie,Turgovia,Die Mitte,Le Centre,Alleanza del Centro,Nationalrat,Conseil national,Consiglio nazionale,Die Mitte-Fraktion. Die Mitte. EVP.,Le Groupe du Centre. Le Centre. PEV.,Il Gruppo del Centro. Alleanza del Centro. PEV.
4120,Marco Romano,Marco,Romano,Tessin,Tessin,Ticino,Die Mitte,Le Centre,Alleanza del Centro,Nationalrat,Conseil national,Consiglio nazionale,Die Mitte-Fraktion. Die Mitte. EVP.,Le Groupe du Centre. Le Centre. PEV.,Il Gruppo del Centro. Alleanza del Centro. PEV.
4121,Barbara Gysi,Barbara,Gysi,St. Gallen,St-Gall,San Gallo,Sozialdemokratische Partei der Schweiz,Parti socialiste suisse,Partito socialista svizzero,Nationalrat,Conseil national,Consiglio nazionale,Sozialdemokratische Fraktion,Groupe socialiste,Gruppo socialista
4123,Ursula Schneider Schüttel,Ursula,Schneider Schüttel,Freiburg,Fribourg,Friburgo,Sozialdemokratische Partei der Schweiz,Parti socialiste suisse,Partito socialista svizzero,Nationalrat,Conseil national,Consiglio nazionale,Sozialdemokratische Fraktion,Groupe socialiste,Gruppo socialista
4124,Peter Schilliger,Peter,Schilliger,Luzern,Lucerne,Lucerna,FDP.Die Liberalen,PLR.Les Libéraux-Radicaux,PLR.I Liberali Radicali,Nationalrat,Conseil national,Consiglio nazionale,FDP-Liberale Fraktion,Groupe libéral-radical,Gruppo liberale radicale
4125,Gregor Rutz,Gregor,Rutz,Zürich,Zurich,Zurigo,Schweizerische Volkspartei,Union Démocratique du Centre,Unione democratica di Centro,Nationalrat,Conseil national,Consiglio nazionale,Fraktion der Schweizerischen Volkspartei,Groupe de l'Union démocratique du Centre,Gruppo dell'Unione democratica di Centro
4128,Aline Trede,Aline,Trede,Bern,Berne,Berna,GRÜNE Schweiz,Les VERT-E-S suisses,VERDI Svizzeri,Nationalrat,Conseil national,Consiglio nazionale,Grüne Fraktion,Groupe des VERT-E-S,Gruppo dei Verdi
4129,Verena Herzog,Verena,Herzog,Thurgau,Thurgovie,Turgovia,Schweizerische Volkspartei,Union Démocratique du Centre,Unione democratica di Centro,Nationalrat,Conseil national,Consiglio nazionale,Fraktion der Schweizerischen Volkspartei,Groupe de l'Union démocratique du Centre,Gruppo dell'Unione democratica di Centro
4130,Nadine Masshardt,Nadine,Masshardt,Bern,Berne,Berna,Sozialdemokratische Partei der Schweiz,Parti socialiste suisse,Partito socialista svizzero,Nationalrat,Conseil national,Consiglio nazionale,Sozialdemokratische Fraktion,Groupe socialiste,Gruppo socialista
4131,Claudia Friedl,Claudia,Friedl,St. Gallen,St-Gall,San Gallo,Sozialdemokratische Partei der Schweiz,Parti socialiste suisse,Partito socialista svizzero,Nationalrat,Conseil national,Consiglio nazionale,Sozialdemokratische Fraktion,Groupe socialiste,Gruppo socialista
4134,Martina Munz,Martina,Munz,Schaffhausen,Schaffhouse,Sciaffusa,Sozialdemokratische Partei der Schweiz,Parti socialiste suisse,Partito socialista svizzero,Nationalrat,Conseil national,Consiglio nazionale,Sozialdemokratische Fraktion,Groupe socialiste,Gruppo socialista
4141,Hans-Peter Portmann,Hans-Peter,Portmann,Zürich,Zurich,Zurigo,FDP.Die Liberalen,PLR.Les Libéraux-Radicaux,PLR.I Liberali Radicali,Nationalrat,Conseil national,Consiglio nazionale,FDP-Liberale Fraktion,Groupe libéral-radical,Gruppo liberale radicale
4142,Beat Walti,Beat,Walti,Zürich,Zurich,Zurigo,FDP.Die Liberalen,PLR.Les Libéraux-Radicaux,PLR.I Liberali Radicali,Nationalrat,Conseil national,Consiglio nazionale,FDP-Liberale Fraktion,Groupe libéral-radical,Gruppo liberale radicale
4144,Thomas Matter,Thomas,Matter,Zürich,Zurich,Zurigo,Schweizerische Volkspartei,Union Démocratique du Centre,Unione democratica di Centro,Nationalrat,Conseil national,Consiglio nazionale,Fraktion der Schweizerischen Volkspartei,Groupe de l'Union démocratique du Centre,Gruppo dell'Unione democratica di Centro
4146,Heinz Siegenthaler,Heinz,Siegenthaler,Bern,Berne,Berna,Die Mitte,Le Centre,Alleanza del Centro,Nationalrat,Conseil national,Consiglio nazionale,Die Mitte-Fraktion. Die Mitte. EVP.,Le Groupe du Centre. Le Centre. PEV.,Il Gruppo del Centro. Alleanza del Centro. PEV.
4154,Jean-Luc Addor,Jean-Luc,Addor,Wallis,Valais,Vallese,Schweizerische Volkspartei,Union Démocratique du Centre,Unione democratica di Centro,Nationalrat,Conseil national,Consiglio nazionale,Fraktion der Schweizerischen Volkspartei,Groupe de l'Union démocratique du Centre,Gruppo dell'Unione democratica di Centro
4156,Michaël Buffat,Michaël,Buffat,Waadt,Vaud,Vaud,Schweizerische Volkspartei,Union Démocratique du Centre,Unione democratica di Centro,Nationalrat,Conseil national,Consiglio nazionale,Fraktion der Schweizerischen Volkspartei,Groupe de l'Union démocratique du Centre,Gruppo dell'Unione democratica di Centro
4157,Manfred Bühler,Manfred,Bühler,Bern,Berne,Berna,Schweizerische Volkspartei,Union Démocratique du Centre,Unione democratica di Centro,Nationalrat,Conseil national,Consiglio nazionale,Fraktion der Schweizerischen Volkspartei,Groupe de l'Union démocratique du Centre,Gruppo dell'Unione democratica di Centro
4158,Thomas Burgherr,Thomas,Burgherr,Aargau,Argovie,Argovia,Schweizerische Volkspartei,Union Démocratique du Centre,Unione democratica di Centro,Nationalrat,Conseil national,Consiglio nazionale,Fraktion der Schweizerischen Volkspartei,Groupe de l'Union démocratique du Centre,Gruppo dell'Unione democratica di Centro
4160,Marcel Dettling,Marcel,Dettling,Schwyz,Schwyz,Svitto,Schweizerische Volkspartei,Union Démocratique du Centre,Unione democratica di Centro,Nationalrat,Conseil national,Consiglio nazionale,Fraktion der Schweizerischen Volkspartei,Groupe de l'Union démocratique du Centre,Gruppo dell'Unione democratica di Centro
4161,Andreas Glarner,Andreas,Glarner,Aargau,Argovie,Argovia,Schweizerische Volkspartei,Union Démocratique du Centre,Unione democratica di Centro,Nationalrat,Conseil national,Consiglio nazionale,Fraktion der Schweizerischen Volkspartei,Groupe de l'Union démocratique du Centre,Gruppo dell'Unione democratica di Centro
4162,Franz Grüter,Franz,Grüter,Luzern,Lucerne,Lucerna,Schweizerische Volkspartei,Union Démocratique du Centre,Unione democratica di Centro,Nationalrat,Conseil national,Consiglio nazionale,Fraktion der Schweizerischen Volkspartei,Groupe de l'Union démocratique du Centre,Gruppo dell'Unione democratica di Centro
4163,Erich Hess,Erich,Hess,Bern,Berne,Berna,Schweizerische Volkspartei,Union Démocratique du Centre,Unione democratica di Centro,Nationalrat,Conseil national,Consiglio nazionale,Fraktion der Schweizerischen Volkspartei,Groupe de l'Union démocratique du Centre,Gruppo dell'Unione democratica di Centro
4164,Christian Imark,Christian,Imark,Solothurn,Soleure,Soletta,Schweizerische Volkspartei,Union Démocratique du Centre,Unione democratica di Centro,Nationalrat,Conseil national,Consiglio nazionale,Fraktion der Schweizerischen Volkspartei,Groupe de l'Union démocratique du Centre,Gruppo dell'Unione democratica di Centro
4166,Roger Köppel,Roger,Köppel,Zürich,Zurich,Zurigo,Schweizerische Volkspartei,Union Démocratique du Centre,Unione democratica di Centro,Nationalrat,Conseil national,Consiglio nazionale,Fraktion der Schweizerischen Volkspartei,Groupe de l'Union démocratique du Centre,Gruppo dell'Unione democratica di Centro
4167,Magdalena Martullo-Blocher,Magdalena,Martullo-Blocher,Graubünden,Grisons,Grigioni,Schweizerische Volkspartei,Union Démocratique du Centre,Unione democratica di Centro,Nationalrat,Conseil national,Consiglio nazionale,Fraktion der Schweizerischen Volkspartei,Groupe de l'Union démocratique du Centre,Gruppo dell'Unione democratica di Centro
4168,Jacques Nicolet,Jacques,Nicolet,Waadt,Vaud,Vaud,Schweizerische Volkspartei,Union Démocratique du Centre,Unione democratica di Centro,Nationalrat,Conseil national,Consiglio nazionale,Fraktion der Schweizerischen Volkspartei,Groupe de l'Union démocratique du Centre,Gruppo dell'Unione democratica di Centro
4169,Pierre-André Page,Pierre-André,Page,Freiburg,Fribourg,Friburgo,Schweizerische Volkspartei,Union Démocratique du Centre,Unione democratica di Centro,Nationalrat,Conseil national,Consiglio nazionale,Fraktion der Schweizerischen Volkspartei,Groupe de l'Union démocratique du Centre,Gruppo dell'Unione democratica di Centro
4173,Sandra Sollberger,Sandra,Sollberger,Basel-Landschaft,Bâle-Campagne,Basilea-Campagna,Schweizerische Volkspartei,Union Démocratique du Centre,Unione democratica di Centro,Nationalrat,Conseil national,Consiglio nazionale,Fraktion der Schweizerischen Volkspartei,Groupe de l'Union démocratique du Centre,Gruppo dell'Unione democratica di Centro
4174,Barbara Steinemann,Barbara,Steinemann,Zürich,Zurich,Zurigo,Schweizerische Volkspartei,Union Démocratique du Centre,Unione democratica di Centro,Nationalrat,Conseil national,Consiglio nazionale,Fraktion der Schweizerischen Volkspartei,Groupe de l'Union démocratique du Centre,Gruppo dell'Unione democratica di Centro
4175,Mauro Tuena,Mauro,Tuena,Zürich,Zurich,Zurigo,Schweizerische Volkspartei,Union Démocratique du Centre,Unione democratica di Centro,Nationalrat,Conseil national,Consiglio nazionale,Fraktion der Schweizerischen Volkspartei,Groupe de l'Union démocratique du Centre,Gruppo dell'Unione democratica di Centro
4177,Bruno Walliser,Bruno,Walliser,Zürich,Zurich,Zurigo,Schweizerische Volkspartei,Union Démocratique du Centre,Unione democratica di Centro,Nationalrat,Conseil national,Consiglio nazionale,Fraktion der Schweizerischen Volkspartei,Groupe de l'Union démocratique du Centre,Gruppo dell'Unione democratica di Centro
4179,David Zuberbühler,David,Zuberbühler,Appenzell A.-Rh.,Appenzell Rh.-Ext.,Appenzello Esterno,Schweizerische Volkspartei,Union Démocratique du Centre,Unione democratica di Centro,Nationalrat,Conseil national,Consiglio nazionale,Fraktion der Schweizerischen Volkspartei,Groupe de l'Union démocratique du Centre,Gruppo dell'Unione democratica di Centro
4184,Sibel Arslan,Sibel,Arslan,Basel-Stadt,Bâle-Ville,Basilea-Città,Grüne (Basels starke Alternative),Grüne (Basels starke Alternative),Grüne (Basels starke Alternative),Nationalrat,Conseil national,Consiglio nazionale,Grüne Fraktion,Groupe des VERT-E-S,Gruppo dei Verdi
4190,Marcel Dobler,Marcel,Dobler,St. Gallen,St-Gall,San Gallo,FDP.Die Liberalen,PLR.Les Libéraux-Radicaux,PLR.I Liberali Radicali,Nationalrat,Conseil national,Consiglio nazionale,FDP-Liberale Fraktion,Groupe libéral-radical,Gruppo liberale radicale
4193,Philippe Nantermod,Philippe,Nantermod,Wallis,Valais,Vallese,FDP.Die Liberalen,PLR.Les Libéraux-Radicaux,PLR.I Liberali Radicali,Nationalrat,Conseil national,Consiglio nazionale,FDP-Liberale Fraktion,Groupe libéral-radical,Gruppo liberale radicale
4194,Laurent Wehrli,Laurent,Wehrli,Waadt,Vaud,Vaud,FDP.Die Liberalen,PLR.Les Libéraux-Radicaux,PLR.I Liberali Radicali,Nationalrat,Conseil national,Consiglio nazionale,FDP-Liberale Fraktion,Groupe libéral-radical,Gruppo liberale radicale
4195,Laurence Fehlmann Rielle,Laurence,Fehlmann Rielle,Genf,Genève,Ginevra,Sozialdemokratische Partei der Schweiz,Parti socialiste suisse,Partito socialista svizzero,Nationalrat,Conseil national,Consiglio nazionale,Sozialdemokratische Fraktion,Groupe socialiste,Gruppo socialista
4197,Min Li Marti,Min Li,Marti,Zürich,Zurich,Zurigo,Sozialdemokratische Partei der Schweiz,Parti socialiste suisse,Partito socialista svizzero,Nationalrat,Conseil national,Consiglio nazionale,Sozialdemokratische Fraktion,Groupe socialiste,Gruppo socialista
4198,Mattea Meyer,Mattea,Meyer,Zürich,Zurich,Zurigo,Sozialdemokratische Partei der Schweiz,Parti socialiste suisse,Partito socialista svizzero,Nationalrat,Conseil national,Consiglio nazionale,Sozialdemokratische Fraktion,Groupe socialiste,Gruppo socialista
4199,Priska Seiler Graf,Priska,Seiler Graf,Zürich,Zurich,Zurigo,Sozialdemokratische Partei der Schweiz,Parti socialiste suisse,Partito socialista svizzero,Nationalrat,Conseil national,Consiglio nazionale,Sozialdemokratische Fraktion,Groupe socialiste,Gruppo socialista
4201,Denis de la Reussille,Denis,de la Reussille,Neuenburg,Neuchâtel,Neuchâtel,Partei der Arbeit der Schweiz,Parti Suisse du travail,Partito svizzero del Lavoro,Nationalrat,Conseil national,Consiglio nazionale,Grüne Fraktion,Groupe des VERT-E-S,Gruppo dei Verdi
4202,Regine Sauter,Regine,Sauter,Zürich,Zurich,Zurigo,FDP.Die Liberalen,PLR.Les Libéraux-Radicaux,PLR.I Liberali Radicali,Nationalrat,Conseil national,Consiglio nazionale,FDP-Liberale Fraktion,Groupe libéral-radical,Gruppo liberale radicale
4203,Angelo Barrile,Angelo,Barrile,Zürich,Zurich,Zurigo,Sozialdemokratische Partei der Schweiz,Parti socialiste suisse,Partito socialista svizzero,Nationalrat,Conseil national,Consiglio nazionale,Sozialdemokratische Fraktion,Groupe socialiste,Gruppo socialista
4208,Matthias Samuel Jauslin,Matthias Samuel,Jauslin,Aargau,Argovie,Argovia,FDP.Die Liberalen,PLR.Les Libéraux-Radicaux,PLR.I Liberali Radicali,Nationalrat,Conseil national,Consiglio nazionale,FDP-Liberale Fraktion,Groupe libéral-radical,Gruppo liberale radicale
4213,Samuel Bendahan,Samuel,Bendahan,Waadt,Vaud,Vaud,Sozialdemokratische Partei der Schweiz,Parti socialiste suisse,Partito socialista svizzero,Nationalrat,Conseil national,Consiglio nazionale,Sozialdemokratische Fraktion,Groupe socialiste,Gruppo socialista
4214,Niklaus-Samuel Gugger,Niklaus-Samuel,Gugger,Zürich,Zurich,Zurigo,Evangelische Volkspartei der Schweiz,Parti évangélique suisse,Partito evangelico svizzero,Nationalrat,Conseil national,Consiglio nazionale,Die Mitte-Fraktion. Die Mitte. EVP.,Le Groupe du Centre. Le Centre. PEV.,Il Gruppo del Centro. Alleanza del Centro. PEV.
4216,Diana Gutjahr,Diana,Gutjahr,Thurgau,Thurgovie,Turgovia,Schweizerische Volkspartei,Union Démocratique du Centre,Unione democratica di Centro,Nationalrat,Conseil national,Consiglio nazionale,Fraktion der Schweizerischen Volkspartei,Groupe de l'Union démocratique du Centre,Gruppo dell'Unione democratica di Centro
4217,Rocco Cattaneo,Rocco,Cattaneo,Tessin,Tessin,Ticino,FDP.Die Liberalen,PLR.Les Libéraux-Radicaux,PLR.I Liberali Radicali,Nationalrat,Conseil national,Consiglio nazionale,FDP-Liberale Fraktion,Groupe libéral-radical,Gruppo liberale radicale
4218,Irène Kälin,Irène,Kälin,Aargau,Argovie,Argovia,GRÜNE Schweiz,Les VERT-E-S suisses,VERDI Svizzeri,Nationalrat,Conseil national,Consiglio nazionale,Grüne Fraktion,Groupe des VERT-E-S,Gruppo dei Verdi
4219,Brigitte Crottaz,Brigitte,Crottaz,Waadt,Vaud,Vaud,Sozialdemokratische Partei der Schweiz,Parti socialiste suisse,Partito socialista svizzero,Nationalrat,Conseil national,Consiglio nazionale,Sozialdemokratische Fraktion,Groupe socialiste,Gruppo socialista
4220,Benjamin Roduit,Benjamin,Roduit,Wallis,Valais,Vallese,Die Mitte,Le Centre,Alleanza del Centro,Nationalrat,Conseil national,Consiglio nazionale,Die Mitte-Fraktion. Die Mitte. EVP.,Le Groupe du Centre. Le Centre. PEV.,Il Gruppo del Centro. Alleanza del Centro. PEV.
4221,Michael Töngi,Michael,Töngi,Luzern,Lucerne,Lucerna,GRÜNE Schweiz,Les VERT-E-S suisses,VERDI Svizzeri,Nationalrat,Conseil national,Consiglio nazionale,Grüne Fraktion,Groupe des VERT-E-S,Gruppo dei Verdi
4222,Nicolo Paganini,Nicolo,Paganini,St. Gallen,St-Gall,San Gallo,Die Mitte,Le Centre,Alleanza del Centro,Nationalrat,Conseil national,Consiglio nazionale,Die Mitte-Fraktion. Die Mitte. EVP.,Le Groupe du Centre. Le Centre. PEV.,Il Gruppo del Centro. Alleanza del Centro. PEV.
4223,Fabian Molina,Fabian,Molina,Zürich,Zurich,Zurigo,Sozialdemokratische Partei der Schweiz,Parti socialiste suisse,Partito socialista svizzero,Nationalrat,Conseil national,Consiglio nazionale,Sozialdemokratische Fraktion,Groupe socialiste,Gruppo socialista
4224,Flavia Wasserfallen,Flavia,Wasserfallen,Bern,Berne,Berna,Sozialdemokratische Partei der Schweiz,Parti socialiste suisse,Partito socialista svizzero,Nationalrat,Conseil national,Consiglio nazionale,Sozialdemokratische Fraktion,Groupe socialiste,Gruppo socialista
4225,Philipp Kutter,Philipp,Kutter,Zürich,Zurich,Zurigo,Die Mitte,Le Centre,Alleanza del Centro,Nationalrat,Conseil national,Consiglio nazionale,Die Mitte-Fraktion. Die Mitte. EVP.,Le Groupe du Centre. Le Centre. PEV.,Il Gruppo del Centro. Alleanza del Centro. PEV.
4228,Samira Marti,Samira,Marti,Basel-Landschaft,Bâle-Campagne,Basilea-Campagna,Sozialdemokratische Partei der Schweiz,Parti socialiste suisse,Partito socialista svizzero,Nationalrat,Conseil national,Consiglio nazionale,Sozialdemokratische Fraktion,Groupe socialiste,Gruppo socialista
4229,Mike Egger,Mike,Egger,St. Gallen,St-Gall,San Gallo,Schweizerische Volkspartei,Union Démocratique du Centre,Unione democratica di Centro,Nationalrat,Conseil national,Consiglio nazionale,Fraktion der Schweizerischen Volkspartei,Groupe de l'Union démocratique du Centre,Gruppo dell'Unione democratica di Centro
4230,Philipp Matthias Bregy,Philipp Matthias,Bregy,Wallis,Valais,Vallese,Die Mitte,Le Centre,Alleanza del Centro,Nationalrat,Conseil national,Consiglio nazionale,Die Mitte-Fraktion. Die Mitte. EVP.,Le Groupe du Centre. Le Centre. PEV.,Il Gruppo del Centro. Alleanza del Centro. PEV.
4234,Therese Schläpfer,Therese,Schläpfer,Zürich,Zurich,Zurigo,Schweizerische Volkspartei,Union Démocratique du Centre,Unione democratica di Centro,Nationalrat,Conseil national,Consiglio nazionale,Fraktion der Schweizerischen Volkspartei,Groupe de l'Union démocratique du Centre,Gruppo dell'Unione democratica di Centro
4236,Martin Haab,Martin,Haab,Zürich,Zurich,Zurigo,Schweizerische Volkspartei,Union Démocratique du Centre,Unione democratica di Centro,Nationalrat,Conseil national,Consiglio nazionale,Fraktion der Schweizerischen Volkspartei,Groupe de l'Union démocratique du Centre,Gruppo dell'Unione democratica di Centro
4245,Gerhard Andrey,Gerhard,Andrey,Freiburg,Fribourg,Friburgo,GRÜNE Schweiz,Les VERT-E-S suisses,VERDI Svizzeri,Nationalrat,Conseil national,Consiglio nazionale,Grüne Fraktion,Groupe des VERT-E-S,Gruppo dei Verdi
4246,Christine Badertscher,Christine,Badertscher,Bern,Berne,Berna,GRÜNE Schweiz,Les VERT-E-S suisses,VERDI Svizzeri,Nationalrat,Conseil national,Consiglio nazionale,Grüne Fraktion,Groupe des VERT-E-S,Gruppo dei Verdi
4247,Kilian Baumann,Kilian,Baumann,Bern,Berne,Berna,GRÜNE Schweiz,Les VERT-E-S suisses,VERDI Svizzeri,Nationalrat,Conseil national,Consiglio nazionale,Grüne Fraktion,Groupe des VERT-E-S,Gruppo dei Verdi
4248,Judith Bellaiche,Judith,Bellaiche,Zürich,Zurich,Zurigo,Grünliberale Partei,Parti vert'libéral,Partito Verde liberale,Nationalrat,Conseil national,Consiglio nazionale,Grünliberale Fraktion,Groupe vert'libéral,Gruppo verde liberale
4249,Marianne Binder-Keller,Marianne,Binder-Keller,Aargau,Argovie,Argovia,Die Mitte,Le Centre,Alleanza del Centro,Nationalrat,Conseil national,Consiglio nazionale,Die Mitte-Fraktion. Die Mitte. EVP.,Le Groupe du Centre. Le Centre. PEV.,Il Gruppo del Centro. Alleanza del Centro. PEV.
4250,Martina Bircher,Martina,Bircher,Aargau,Argovie,Argovia,Schweizerische Volkspartei,Union Démocratique du Centre,Unione democratica di Centro,Nationalrat,Conseil national,Consiglio nazionale,Fraktion der Schweizerischen Volkspartei,Groupe de l'Union démocratique du Centre,Gruppo dell'Unione democratica di Centro
4251,Thomas Brunner,Thomas,Brunner,St. Gallen,St-Gall,San Gallo,Grünliberale Partei,Parti vert'libéral,Partito Verde liberale,Nationalrat,Conseil national,Consiglio nazionale,Grünliberale Fraktion,Groupe vert'libéral,Gruppo verde liberale
4252,Katja Christ,Katja,Christ,Basel-Stadt,Bâle-Ville,Basilea-Città,Grünliberale Partei,Parti vert'libéral,Partito Verde liberale,Nationalrat,Conseil national,Consiglio nazionale,Grünliberale Fraktion,Groupe vert'libéral,Gruppo verde liberale
4253,Christophe Clivaz,Christophe,Clivaz,Wallis,Valais,Vallese,GRÜNE Schweiz,Les VERT-E-S suisses,VERDI Svizzeri,Nationalrat,Conseil national,Consiglio nazionale,Grüne Fraktion,Groupe des VERT-E-S,Gruppo dei Verdi
4254,Damien Cottier,Damien,Cottier,Neuenburg,Neuchâtel,Neuchâtel,FDP.Die Liberalen,PLR.Les Libéraux-Radicaux,PLR.I Liberali Radicali,Nationalrat,Conseil national,Consiglio nazionale,FDP-Liberale Fraktion,Groupe libéral-radical,Gruppo liberale radicale
4255,Christian Dandrès,Christian,Dandrès,Genf,Genève,Ginevra,Sozialdemokratische Partei der Schweiz,Parti socialiste suisse,Partito socialista svizzero,Nationalrat,Conseil national,Consiglio nazionale,Sozialdemokratische Fraktion,Groupe socialiste,Gruppo socialista
4256,Simone de Montmollin,Simone,de Montmollin,Genf,Genève,Ginevra,FDP.Die Liberalen,PLR.Les Libéraux-Radicaux,PLR.I Liberali Radicali,Nationalrat,Conseil national,Consiglio nazionale,FDP-Liberale Fraktion,Groupe libéral-radical,Gruppo liberale radicale
4257,Jacqueline de Quattro,Jacqueline,de Quattro,Waadt,Vaud,Vaud,FDP.Die Liberalen,PLR.Les Libéraux-Radicaux,PLR.I Liberali Radicali,Nationalrat,Conseil national,Consiglio nazionale,FDP-Liberale Fraktion,Groupe libéral-radical,Gruppo liberale radicale
4258,Kurt Egger,Kurt,Egger,Thurgau,Thurgovie,Turgovia,GRÜNE Schweiz,Les VERT-E-S suisses,VERDI Svizzeri,Nationalrat,Conseil national,Consiglio nazionale,Grüne Fraktion,Groupe des VERT-E-S,Gruppo dei Verdi
4259,Alex Farinelli,Alex,Farinelli,Tessin,Tessin,Ticino,FDP.Die Liberalen,PLR.Les Libéraux-Radicaux,PLR.I Liberali Radicali,Nationalrat,Conseil national,Consiglio nazionale,FDP-Liberale Fraktion,Groupe libéral-radical,Gruppo liberale radicale
4260,Fabien Fivaz,Fabien,Fivaz,Neuenburg,Neuchâtel,Neuchâtel,GRÜNE Schweiz,Les VERT-E-S suisses,VERDI Svizzeri,Nationalrat,Conseil national,Consiglio nazionale,Grüne Fraktion,Groupe des VERT-E-S,Gruppo dei Verdi
4261,Esther Friedli,Esther,Friedli,St. Gallen,St-Gall,San Gallo,Schweizerische Volkspartei,Union Démocratique du Centre,Unione democratica di Centro,Nationalrat,Conseil national,Consiglio nazionale,Fraktion der Schweizerischen Volkspartei,Groupe de l'Union démocratique du Centre,Gruppo dell'Unione democratica di Centro
4262,Tamara Funiciello,Tamara,Funiciello,Bern,Berne,Berna,Sozialdemokratische Partei der Schweiz,Parti socialiste suisse,Partito socialista svizzero,Nationalrat,Conseil national,Consiglio nazionale,Sozialdemokratische Fraktion,Groupe socialiste,Gruppo socialista
4263,Andreas Gafner,Andreas,Gafner,Bern,Berne,Berna,Eidgenössisch-Demokratische Union,Union Démocratique Féderale,Unione Democratica Federale,Nationalrat,Conseil national,Consiglio nazionale,Fraktion der Schweizerischen Volkspartei,Groupe de l'Union démocratique du Centre,Gruppo dell'Unione democratica di Centro
4265,Anna Giacometti,Anna,Giacometti,Graubünden,Grisons,Grigioni,FDP.Die Liberalen,PLR.Les Libéraux-Radicaux,PLR.I Liberali Radicali,Nationalrat,Conseil national,Consiglio nazionale,FDP-Liberale Fraktion,Groupe libéral-radical,Gruppo liberale radicale
4266,Benjamin Giezendanner,Benjamin,Giezendanner,Aargau,Argovie,Argovia,Schweizerische Volkspartei,Union Démocratique du Centre,Unione democratica di Centro,Nationalrat,Conseil national,Consiglio nazionale,Fraktion der Schweizerischen Volkspartei,Groupe de l'Union démocratique du Centre,Gruppo dell'Unione democratica di Centro
4267,Corina Gredig,Corina,Gredig,Zürich,Zurich,Zurigo,Grünliberale Partei,Parti vert'libéral,Partito Verde liberale,Nationalrat,Conseil national,Consiglio nazionale,Grünliberale Fraktion,Groupe vert'libéral,Gruppo verde liberale
4268,Greta Gysin,Greta,Gysin,Tessin,Tessin,Ticino,GRÜNE Schweiz,Les VERT-E-S suisses,VERDI Svizzeri,Nationalrat,Conseil national,Consiglio nazionale,Grüne Fraktion,Groupe des VERT-E-S,Gruppo dei Verdi
4270,Baptiste Hurni,Baptiste,Hurni,Neuenburg,Neuchâtel,Neuchâtel,Sozialdemokratische Partei der Schweiz,Parti socialiste suisse,Partito socialista svizzero,Nationalrat,Conseil national,Consiglio nazionale,Sozialdemokratische Fraktion,Groupe socialiste,Gruppo socialista
4271,Sidney Kamerzin,Sidney,Kamerzin,Wallis,Valais,Vallese,Die Mitte,Le Centre,Alleanza del Centro,Nationalrat,Conseil national,Consiglio nazionale,Die Mitte-Fraktion. Die Mitte. EVP.,Le Groupe du Centre. Le Centre. PEV.,Il Gruppo del Centro. Alleanza del Centro. PEV.
4272,Delphine Klopfenstein Broggini,Delphine,Klopfenstein Broggini,Genf,Genève,Ginevra,GRÜNE Schweiz,Les VERT-E-S suisses,VERDI Svizzeri,Nationalrat,Conseil national,Consiglio nazionale,Grüne Fraktion,Groupe des VERT-E-S,Gruppo dei Verdi
4273,Sandra Locher Benguerel,Sandra,Locher Benguerel,Graubünden,Grisons,Grigioni,Sozialdemokratische Partei der Schweiz,Parti socialiste suisse,Partito socialista svizzero,Nationalrat,Conseil national,Consiglio nazionale,Sozialdemokratische Fraktion,Groupe socialiste,Gruppo socialista
4274,Jörg Mäder,Jörg,Mäder,Zürich,Zurich,Zurigo,Grünliberale Partei,Parti vert'libéral,Partito Verde liberale,Nationalrat,Conseil national,Consiglio nazionale,Grünliberale Fraktion,Groupe vert'libéral,Gruppo verde liberale
4275,Vincent Maitre,Vincent,Maitre,Genf,Genève,Ginevra,Die Mitte,Le Centre,Alleanza del Centro,Nationalrat,Conseil national,Consiglio nazionale,Die Mitte-Fraktion. Die Mitte. EVP.,Le Groupe du Centre. Le Centre. PEV.,Il Gruppo del Centro. Alleanza del Centro. PEV.
4276,Michel Matter,Michel,Matter,Genf,Genève,Ginevra,Grünliberale Partei,Parti vert'libéral,Partito Verde liberale,Nationalrat,Conseil national,Consiglio nazionale,Grünliberale Fraktion,Groupe vert'libéral,Gruppo verde liberale
4277,Melanie Mettler,Melanie,Mettler,Bern,Berne,Berna,Grünliberale Partei,Parti vert'libéral,Partito Verde liberale,Nationalrat,Conseil national,Consiglio nazionale,Grünliberale Fraktion,Groupe vert'libéral,Gruppo verde liberale
4278,Sophie Michaud Gigon,Sophie,Michaud Gigon,Waadt,Vaud,Vaud,GRÜNE Schweiz,Les VERT-E-S suisses,VERDI Svizzeri,Nationalrat,Conseil national,Consiglio nazionale,Grüne Fraktion,Groupe des VERT-E-S,Gruppo dei Verdi
4279,François Pointet,François,Pointet,Waadt,Vaud,Vaud,Grünliberale Partei,Parti vert'libéral,Partito Verde liberale,Nationalrat,Conseil national,Consiglio nazionale,Grünliberale Fraktion,Groupe vert'libéral,Gruppo verde liberale
4280,Léonore Porchet,Léonore,Porchet,Waadt,Vaud,Vaud,GRÜNE Schweiz,Les VERT-E-S suisses,VERDI Svizzeri,Nationalrat,Conseil national,Consiglio nazionale,Grüne Fraktion,Groupe des VERT-E-S,Gruppo dei Verdi
4281,Jon Pult,Jon,Pult,Graubünden,Grisons,Grigioni,Sozialdemokratische Partei der Schweiz,Parti socialiste suisse,Partito socialista svizzero,Nationalrat,Conseil national,Consiglio nazionale,Sozialdemokratische Fraktion,Groupe socialiste,Gruppo socialista
4282,Thomas Rechsteiner,Thomas,Rechsteiner,Appenzell I.-Rh.,Appenzell Rh.-Int.,Appenzello Interno,Die Mitte,Le Centre,Alleanza del Centro,Nationalrat,Conseil national,Consiglio nazionale,Die Mitte-Fraktion. Die Mitte. EVP.,Le Groupe du Centre. Le Centre. PEV.,Il Gruppo del Centro. Alleanza del Centro. PEV.
4283,Franziska Roth,Franziska,Roth,Solothurn,Soleure,Soletta,Sozialdemokratische Partei der Schweiz,Parti socialiste suisse,Partito socialista svizzero,Nationalrat,Conseil national,Consiglio nazionale,Sozialdemokratische Fraktion,Groupe socialiste,Gruppo socialista
4284,Marie-France Roth Pasquier,Marie-France,Roth Pasquier,Freiburg,Fribourg,Friburgo,Die Mitte,Le Centre,Alleanza del Centro,Nationalrat,Conseil national,Consiglio nazionale,Die Mitte-Fraktion. Die Mitte. EVP.,Le Groupe du Centre. Le Centre. PEV.,Il Gruppo del Centro. Alleanza del Centro. PEV.
4285,Monika Rüegger,Monika,Rüegger,Obwalden,Obwald,Obvaldo,Schweizerische Volkspartei,Union Démocratique du Centre,Unione democratica di Centro,Nationalrat,Conseil national,Consiglio nazionale,Fraktion der Schweizerischen Volkspartei,Groupe de l'Union démocratique du Centre,Gruppo dell'Unione democratica di Centro
4286,Franziska Ryser,Franziska,Ryser,St. Gallen,St-Gall,San Gallo,GRÜNE Schweiz,Les VERT-E-S suisses,VERDI Svizzeri,Nationalrat,Conseil national,Consiglio nazionale,Grüne Fraktion,Groupe des VERT-E-S,Gruppo dei Verdi
4287,Barbara Schaffner,Barbara,Schaffner,Zürich,Zurich,Zurigo,Grünliberale Partei,Parti vert'libéral,Partito Verde liberale,Nationalrat,Conseil national,Consiglio nazionale,Grünliberale Fraktion,Groupe vert'libéral,Gruppo verde liberale
4288,Marionna Schlatter,Marionna,Schlatter,Zürich,Zurich,Zurigo,GRÜNE Schweiz,Les VERT-E-S suisses,VERDI Svizzeri,Nationalrat,Conseil national,Consiglio nazionale,Grüne Fraktion,Groupe des VERT-E-S,Gruppo dei Verdi
4289,Meret Schneider,Meret,Schneider,Zürich,Zurich,Zurigo,GRÜNE Schweiz,Les VERT-E-S suisses,VERDI Svizzeri,Nationalrat,Conseil national,Consiglio nazionale,Grüne Fraktion,Groupe des VERT-E-S,Gruppo dei Verdi
4290,Andri Silberschmidt,Andri,Silberschmidt,Zürich,Zurich,Zurigo,FDP.Die Liberalen,PLR.Les Libéraux-Radicaux,PLR.I Liberali Radicali,Nationalrat,Conseil national,Consiglio nazionale,FDP-Liberale Fraktion,Groupe libéral-radical,Gruppo liberale radicale
4292,Simon Stadler,Simon,Stadler,Uri,Uri,Uri,Die Mitte,Le Centre,Alleanza del Centro,Nationalrat,Conseil national,Consiglio nazionale,Die Mitte-Fraktion. Die Mitte. EVP.,Le Groupe du Centre. Le Centre. PEV.,Il Gruppo del Centro. Alleanza del Centro. PEV.
4293,Manuel Strupler,Manuel,Strupler,Thurgau,Thurgovie,Turgovia,Schweizerische Volkspartei,Union Démocratique du Centre,Unione democratica di Centro,Nationalrat,Conseil national,Consiglio nazionale,Fraktion der Schweizerischen Volkspartei,Groupe de l'Union démocratique du Centre,Gruppo dell'Unione democratica di Centro
4294,Lilian Studer,Lilian,Studer,Aargau,Argovie,Argovia,Evangelische Volkspartei der Schweiz,Parti évangélique suisse,Partito evangelico svizzero,Nationalrat,Conseil national,Consiglio nazionale,Die Mitte-Fraktion. Die Mitte. EVP.,Le Groupe du Centre. Le Centre. PEV.,Il Gruppo del Centro. Alleanza del Centro. PEV.
4295,Gabriela Suter,Gabriela,Suter,Aargau,Argovie,Argovia,Sozialdemokratische Partei der Schweiz,Parti socialiste suisse,Partito socialista svizzero,Nationalrat,Conseil national,Consiglio nazionale,Sozialdemokratische Fraktion,Groupe socialiste,Gruppo socialista
4296,Susanne Vincenz-Stauffacher,Susanne,Vincenz-Stauffacher,St. Gallen,St-Gall,San Gallo,FDP.Die Liberalen,PLR.Les Libéraux-Radicaux,PLR.I Liberali Radicali,Nationalrat,Conseil national,Consiglio nazionale,FDP-Liberale Fraktion,Groupe libéral-radical,Gruppo liberale radicale
4297,Nicolas Walder,Nicolas,Walder,Genf,Genève,Ginevra,GRÜNE Schweiz,Les VERT-E-S suisses,VERDI Svizzeri,Nationalrat,Conseil national,Consiglio nazionale,Grüne Fraktion,Groupe des VERT-E-S,Gruppo dei Verdi
4298,Manuela Weichelt,Manuela,Weichelt,Zug,Zoug,Zugo,Alternative-die Grünen Kanton Zug,Alternative-die Grünen Kanton Zug,Alternative-die Grünen Kanton Zug,Nationalrat,Conseil national,Consiglio nazionale,Grüne Fraktion,Groupe des VERT-E-S,Gruppo dei Verdi
4299,Felix Wettstein,Felix,Wettstein,Solothurn,Soleure,Soletta,GRÜNE Schweiz,Les VERT-E-S suisses,VERDI Svizzeri,Nationalrat,Conseil national,Consiglio nazionale,Grüne Fraktion,Groupe des VERT-E-S,Gruppo dei Verdi
4300,Céline Widmer,Céline,Widmer,Zürich,Zurich,Zurigo,Sozialdemokratische Partei der Schweiz,Parti socialiste suisse,Partito socialista svizzero,Nationalrat,Conseil national,Consiglio nazionale,Sozialdemokratische Fraktion,Groupe socialiste,Gruppo socialista
4301,Stefania Prezioso Batou,Stefania,Prezioso Batou,Genf,Genève,Ginevra,Ensemble à Gauche,Ensemble à Gauche,Ensemble à Gauche,Nationalrat,Conseil national,Consiglio nazionale,Grüne Fraktion,Groupe des VERT-E-S,Gruppo dei Verdi
4304,Mustafa Atici,Mustafa,Atici,Basel-Stadt,Bâle-Ville,Basilea-Città,Sozialdemokratische Partei der Schweiz,Parti socialiste suisse,Partito socialista svizzero,Nationalrat,Conseil national,Consiglio nazionale,Sozialdemokratische Fraktion,Groupe socialiste,Gruppo socialista
4305,Priska Wismer-Felder,Priska,Wismer-Felder,Luzern,Lucerne,Lucerna,Die Mitte,Le Centre,Alleanza del Centro,Nationalrat,Conseil national,Consiglio nazionale,Die Mitte-Fraktion. Die Mitte. EVP.,Le Groupe du Centre. Le Centre. PEV.,Il Gruppo del Centro. Alleanza del Centro. PEV.
4307,Valentine Python,Valentine,Python,Waadt,Vaud,Vaud,GRÜNE Schweiz,Les VERT-E-S suisses,VERDI Svizzeri,Nationalrat,Conseil national,Consiglio nazionale,Grüne Fraktion,Groupe des VERT-E-S,Gruppo dei Verdi
4308,Isabelle Pasquier-Eichenberger,Isabelle,Pasquier-Eichenberger,Genf,Genève,Ginevra,GRÜNE Schweiz,Les VERT-E-S suisses,VERDI Svizzeri,Nationalrat,Conseil national,Consiglio nazionale,Grüne Fraktion,Groupe des VERT-E-S,Gruppo dei Verdi
4310,Lars Guggisberg,Lars,Guggisberg,Bern,Berne,Berna,Schweizerische Volkspartei,Union Démocratique du Centre,Unione democratica di Centro,Nationalrat,Conseil national,Consiglio nazionale,Fraktion der Schweizerischen Volkspartei,Groupe de l'Union démocratique du Centre,Gruppo dell'Unione democratica di Centro
4311,Piero Marchesi,Piero,Marchesi,Tessin,Tessin,Ticino,Schweizerische Volkspartei,Union Démocratique du Centre,Unione democratica di Centro,Nationalrat,Conseil national,Consiglio nazionale,Fraktion der Schweizerischen Volkspartei,Groupe de l'Union démocratique du Centre,Gruppo dell'Unione democratica di Centro
4312,Bruno Storni,Bruno,Storni,Tessin,Tessin,Ticino,Sozialdemokratische Partei der Schweiz,Parti socialiste suisse,Partito socialista svizzero,Nationalrat,Conseil national,Consiglio nazionale,Sozialdemokratische Fraktion,Groupe socialiste,Gruppo socialista
4313,Maja Riniker,Maja,Riniker,Aargau,Argovie,Argovia,FDP.Die Liberalen,PLR.Les Libéraux-Radicaux,PLR.I Liberali Radicali,Nationalrat,Conseil national,Consiglio nazionale,FDP-Liberale Fraktion,Groupe libéral-radical,Gruppo liberale radicale
4314,Stefanie Heimgartner,Stefanie,Heimgartner,Aargau,Argovie,Argovia,Schweizerische Volkspartei,Union Démocratique du Centre,Unione democratica di Centro,Nationalrat,Conseil national,Consiglio nazionale,Fraktion der Schweizerischen Volkspartei,Groupe de l'Union démocratique du Centre,Gruppo dell'Unione democratica di Centro
4315,Florence Brenzikofer,Florence,Brenzikofer,Basel-Landschaft,Bâle-Campagne,Basilea-Campagna,GRÜNE Schweiz,Les VERT-E-S suisses,VERDI Svizzeri,Nationalrat,Conseil national,Consiglio nazionale,Grüne Fraktion,Groupe des VERT-E-S,Gruppo dei Verdi
4317,Alois Huber,Alois,Huber,Aargau,Argovie,Argovia,Schweizerische Volkspartei,Union Démocratique du Centre,Unione democratica di Centro,Nationalrat,Conseil national,Consiglio nazionale,Fraktion der Schweizerischen Volkspartei,Groupe de l'Union démocratique du Centre,Gruppo dell'Unione democratica di Centro
4318,Sarah Wyss,Sarah,Wyss,Basel-Stadt,Bâle-Ville,Basilea-Città,Sozialdemokratische Partei der Schweiz,Parti socialiste suisse,Partito socialista svizzero,Nationalrat,Conseil national,Consiglio nazionale,Sozialdemokratische Fraktion,Groupe socialiste,Gruppo socialista
4319,Michael Graber,Michael,Graber,Wallis,Valais,Vallese,Schweizerische Volkspartei,Union Démocratique du Centre,Unione democratica di Centro,Nationalrat,Conseil national,Consiglio nazionale,Fraktion der Schweizerischen Volkspartei,Groupe de l'Union démocratique du Centre,Gruppo dell'Unione democratica di Centro
4320,Emmanuel Amoos,Emmanuel,Amoos,Wallis,Valais,Vallese,Sozialdemokratische Partei der Schweiz,Parti socialiste suisse,Partito socialista svizzero,Nationalrat,Conseil national,Consiglio nazionale,Sozialdemokratische Fraktion,Groupe socialiste,Gruppo socialista
4323,Céline Weber,Céline,Weber,Waadt,Vaud,Vaud,Grünliberale Partei,Parti vert'libéral,Partito Verde liberale,Nationalrat,Conseil national,Consiglio nazionale,Grünliberale Fraktion,Groupe vert'libéral,Gruppo verde liberale
4324,Patricia von Falkenstein,Patricia,von Falkenstein,Basel-Stadt,Bâle-Ville,Basilea-Città,Liberal-Demokratische Partei,Parti libéral démocrate,Partito liberale democratico,Nationalrat,Conseil national,Consiglio nazionale,FDP-Liberale Fraktion,Groupe libéral-radical,Gruppo liberale radicale
4326,Benjamin Fischer,Benjamin,Fischer,Zürich,Zurich,Zurigo,Schweizerische Volkspartei,Union Démocratique du Centre,Unione democratica di Centro,Nationalrat,Conseil national,Consiglio nazionale,Fraktion der Schweizerischen Volkspartei,Groupe de l'Union démocratique du Centre,Gruppo dell'Unione democratica di Centro
4327,Raphaël Mahaim,Raphaël,Mahaim,Waadt,Vaud,Vaud,GRÜNE Schweiz,Les VERT-E-S suisses,VERDI Svizzeri,Nationalrat,Conseil national,Consiglio nazionale,Grüne Fraktion,Groupe des VERT-E-S,Gruppo dei Verdi
4328,Natalie Imboden,Natalie,Imboden,Bern,Berne,Berna,GRÜNE Schweiz,Les VERT-E-S suisses,VERDI Svizzeri,Nationalrat,Conseil national,Consiglio nazionale,Grüne Fraktion,Groupe des VERT-E-S,Gruppo dei Verdi
4329,Daniel Ruch,Daniel,Ruch,Waadt,Vaud,Vaud,FDP.Die Liberalen,PLR.Les Libéraux-Radicaux,PLR.I Liberali Radicali,Nationalrat,Conseil national,Consiglio nazionale,FDP-Liberale Fraktion,Groupe libéral-radical,Gruppo liberale radicale
4330,Alexandre Berthoud,Alexandre,Berthoud,Waadt,Vaud,Vaud,FDP.Die Liberalen,PLR.Les Libéraux-Radicaux,PLR.I Liberali Radicali,Nationalrat,Conseil national,Consiglio nazionale,FDP-Liberale Fraktion,Groupe libéral-radical,Gruppo liberale radicale
4331,Marc Jost,Marc,Jost,Bern,Berne,Berna,Evangelische Volkspartei der Schweiz,Parti évangélique suisse,Partito evangelico svizzero,Nationalrat,Conseil national,Consiglio nazionale,Die Mitte-Fraktion. Die Mitte. EVP.,Le Groupe du Centre. Le Centre. PEV.,Il Gruppo del Centro. Alleanza del Centro. PEV.
4333,Andreas Meier,Andreas,Meier,Aargau,Argovie,Argovia,Die Mitte,Le Centre,Alleanza del Centro,Nationalrat,Conseil national,Consiglio nazionale,Die Mitte-Fraktion. Die Mitte. EVP.,Le Groupe du Centre. Le Centre. PEV.,Il Gruppo del Centro. Alleanza del Centro. PEV.
525,Roberto Zanetti,Roberto,Zanetti,Solothurn,Soleure,Soletta,Sozialdemokratische Partei der Schweiz,Parti socialiste suisse,Partito socialista svizzero,Ständerat,Conseil des Etats,Consiglio degli Stati,Sozialdemokratische Fraktion,Groupe socialiste,Gruppo socialista
806,Maya Graf,Maya,Graf,Basel-Landschaft,Bâle-Campagne,Basilea-Campagna,GRÜNE Schweiz,Les VERT-E-S suisses,VERDI Svizzeri,Ständerat,Conseil des Etats,Consiglio degli Stati,Grüne Fraktion,Groupe des VERT-E-S,Gruppo dei Verdi
825,Hannes Germann,Hannes,Germann,Schaffhausen,Schaffhouse,Sciaffusa,Schweizerische Volkspartei,Union Démocratique du Centre,Unione democratica di Centro,Ständerat,Conseil des Etats,Consiglio degli Stati,Fraktion der Schweizerischen Volkspartei,Groupe de l'Union démocratique du Centre,Gruppo dell'Unione democratica di Centro
1106,Brigitte Häberli-Koller,Brigitte,Häberli-Koller,Thurgau,Thurgovie,Turgovia,Die Mitte,Le Centre,Alleanza del Centro,Ständerat,Conseil des Etats,Consiglio degli Stati,Die Mitte-Fraktion. Die Mitte. EVP.,Le Groupe du Centre. Le Centre. PEV.,Il Gruppo del Centro. Alleanza del Centro. PEV.
1120,Carlo Sommaruga,Carlo,Sommaruga,Genf,Genève,Ginevra,Sozialdemokratische Partei der Schweiz,Parti socialiste suisse,Partito socialista svizzero,Ständerat,Conseil des Etats,Consiglio degli Stati,Sozialdemokratische Fraktion,Groupe socialiste,Gruppo socialista
1153,Ruedi Noser,Ruedi,Noser,Zürich,Zurich,Zurigo,FDP.Die Liberalen,PLR.Les Libéraux-Radicaux,PLR.I Liberali Radicali,Ständerat,Conseil des Etats,Consiglio degli Stati,FDP-Liberale Fraktion,Groupe libéral-radical,Gruppo liberale radicale
1162,Alex Kuprecht,Alex,Kuprecht,Schwyz,Schwyz,Svitto,Schweizerische Volkspartei,Union Démocratique du Centre,Unione democratica di Centro,Ständerat,Conseil des Etats,Consiglio degli Stati,Fraktion der Schweizerischen Volkspartei,Groupe de l'Union démocratique du Centre,Gruppo dell'Unione democratica di Centro
1267,Hans Stöckli,Hans,Stöckli,Bern,Berne,Berna,Sozialdemokratische Partei der Schweiz,Parti socialiste suisse,Partito socialista svizzero,Ständerat,Conseil des Etats,Consiglio degli Stati,Sozialdemokratische Fraktion,Groupe socialiste,Gruppo socialista
3871,Pirmin Bischof,Pirmin,Bischof,Solothurn,Soleure,Soletta,Die Mitte,Le Centre,Alleanza del Centro,Ständerat,Conseil des Etats,Consiglio degli Stati,Die Mitte-Fraktion. Die Mitte. EVP.,Le Groupe du Centre. Le Centre. PEV.,Il Gruppo del Centro. Alleanza del Centro. PEV.
3879,Olivier Français,Olivier,Français,Waadt,Vaud,Vaud,FDP.Die Liberalen,PLR.Les Libéraux-Radicaux,PLR.I Liberali Radicali,Ständerat,Conseil des Etats,Consiglio degli Stati,FDP-Liberale Fraktion,Groupe libéral-radical,Gruppo liberale radicale
3891,Daniel Jositsch,Daniel,Jositsch,Zürich,Zurich,Zurigo,Sozialdemokratische Partei der Schweiz,Parti socialiste suisse,Partito socialista svizzero,Ständerat,Conseil des Etats,Consiglio degli Stati,Sozialdemokratische Fraktion,Groupe socialiste,Gruppo socialista
3907,Adèle Thorens Goumaz,Adèle,Thorens Goumaz,Waadt,Vaud,Vaud,GRÜNE Schweiz,Les VERT-E-S suisses,VERDI Svizzeri,Ständerat,Conseil des Etats,Consiglio degli Stati,Grüne Fraktion,Groupe des VERT-E-S,Gruppo dei Verdi
4055,Stefan Engler,Stefan,Engler,Graubünden,Grisons,Grigioni,Die Mitte,Le Centre,Alleanza del Centro,Ständerat,Conseil des Etats,Consiglio degli Stati,Die Mitte-Fraktion. Die Mitte. EVP.,Le Groupe du Centre. Le Centre. PEV.,Il Gruppo del Centro. Alleanza del Centro. PEV.
4056,Daniel Fässler,Daniel,Fässler,Appenzell I.-Rh.,Appenzell Rh.-Int.,Appenzello Interno,Die Mitte,Le Centre,Alleanza del Centro,Ständerat,Conseil des Etats,Consiglio degli Stati,Die Mitte-Fraktion. Die Mitte. EVP.,Le Groupe du Centre. Le Centre. PEV.,Il Gruppo del Centro. Alleanza del Centro. PEV.
4075,Andrea Caroni,Andrea,Caroni,Appenzell A.-Rh.,Appenzell Rh.-Ext.,Appenzello Esterno,FDP.Die Liberalen,PLR.Les Libéraux-Radicaux,PLR.I Liberali Radicali,Ständerat,Conseil des Etats,Consiglio degli Stati,FDP-Liberale Fraktion,Groupe libéral-radical,Gruppo liberale radicale
4078,Martin Schmid,Martin,Schmid,Graubünden,Grisons,Grigioni,FDP.Die Liberalen,PLR.Les Libéraux-Radicaux,PLR.I Liberali Radicali,Ständerat,Conseil des Etats,Consiglio degli Stati,FDP-Liberale Fraktion,Groupe libéral-radical,Gruppo liberale radicale
4112,Thomas Minder,Thomas,Minder,Schaffhausen,Schaffhouse,Sciaffusa,parteilos,sans parti,senza partito,Ständerat,Conseil des Etats,Consiglio degli Stati,Fraktion der Schweizerischen Volkspartei,Groupe de l'Union démocratique du Centre,Gruppo dell'Unione democratica di Centro
4114,Hansjörg Knecht,Hansjörg,Knecht,Aargau,Argovie,Argovia,Schweizerische Volkspartei,Union Démocratique du Centre,Unione democratica di Centro,Ständerat,Conseil des Etats,Consiglio degli Stati,Fraktion der Schweizerischen Volkspartei,Groupe de l'Union démocratique du Centre,Gruppo dell'Unione democratica di Centro
4139,Thomas Hefti,Thomas,Hefti,Glarus,Glaris,Glarona,FDP.Die Liberalen,PLR.Les Libéraux-Radicaux,PLR.I Liberali Radicali,Ständerat,Conseil des Etats,Consiglio degli Stati,FDP-Liberale Fraktion,Groupe libéral-radical,Gruppo liberale radicale
4151,Josef Dittli,Josef,Dittli,Uri,Uri,Uri,FDP.Die Liberalen,PLR.Les Libéraux-Radicaux,PLR.I Liberali Radicali,Ständerat,Conseil des Etats,Consiglio degli Stati,FDP-Liberale Fraktion,Groupe libéral-radical,Gruppo liberale radicale
4152,Hans Wicki,Hans,Wicki,Nidwalden,Nidwald,Nidvaldo,FDP.Die Liberalen,PLR.Les Libéraux-Radicaux,PLR.I Liberali Radicali,Ständerat,Conseil des Etats,Consiglio degli Stati,FDP-Liberale Fraktion,Groupe libéral-radical,Gruppo liberale radicale
4153,Peter Hegglin,Peter,Hegglin,Zug,Zoug,Zugo,Die Mitte,Le Centre,Alleanza del Centro,Ständerat,Conseil des Etats,Consiglio degli Stati,Die Mitte-Fraktion. Die Mitte. EVP.,Le Groupe du Centre. Le Centre. PEV.,Il Gruppo del Centro. Alleanza del Centro. PEV.
4159,Marco Chiesa,Marco,Chiesa,Tessin,Tessin,Ticino,Schweizerische Volkspartei,Union Démocratique du Centre,Unione democratica di Centro,Ständerat,Conseil des Etats,Consiglio degli Stati,Fraktion der Schweizerischen Volkspartei,Groupe de l'Union démocratique du Centre,Gruppo dell'Unione democratica di Centro
4172,Werner Salzmann,Werner,Salzmann,Bern,Berne,Berna,Schweizerische Volkspartei,Union Démocratique du Centre,Unione democratica di Centro,Ständerat,Conseil des Etats,Consiglio degli Stati,Fraktion der Schweizerischen Volkspartei,Groupe de l'Union démocratique du Centre,Gruppo dell'Unione democratica di Centro
4181,Andrea Gmür-Schönenberger,Andrea,Gmür-Schönenberger,Luzern,Lucerne,Lucerna,Die Mitte,Le Centre,Alleanza del Centro,Ständerat,Conseil des Etats,Consiglio degli Stati,Die Mitte-Fraktion. Die Mitte. EVP.,Le Groupe du Centre. Le Centre. PEV.,Il Gruppo del Centro. Alleanza del Centro. PEV.
4186,Lisa Mazzone,Lisa,Mazzone,Genf,Genève,Ginevra,GRÜNE Schweiz,Les VERT-E-S suisses,VERDI Svizzeri,Ständerat,Conseil des Etats,Consiglio degli Stati,Grüne Fraktion,Groupe des VERT-E-S,Gruppo dei Verdi
4187,Philippe Bauer,Philippe,Bauer,Neuenburg,Neuchâtel,Neuchâtel,FDP.Die Liberalen,PLR.Les Libéraux-Radicaux,PLR.I Liberali Radicali,Ständerat,Conseil des Etats,Consiglio degli Stati,FDP-Liberale Fraktion,Groupe libéral-radical,Gruppo liberale radicale
4189,Thierry Burkart,Thierry,Burkart,Aargau,Argovie,Argovia,FDP.Die Liberalen,PLR.Les Libéraux-Radicaux,PLR.I Liberali Radicali,Ständerat,Conseil des Etats,Consiglio degli Stati,FDP-Liberale Fraktion,Groupe libéral-radical,Gruppo liberale radicale
4204,Beat Rieder,Beat,Rieder,Wallis,Valais,Vallese,Die Mitte,Le Centre,Alleanza del Centro,Ständerat,Conseil des Etats,Consiglio degli Stati,Die Mitte-Fraktion. Die Mitte. EVP.,Le Groupe du Centre. Le Centre. PEV.,Il Gruppo del Centro. Alleanza del Centro. PEV.
4206,Erich Ettlin,Erich,Ettlin,Obwalden,Obwald,Obvaldo,Die Mitte,Le Centre,Alleanza del Centro,Ständerat,Conseil des Etats,Consiglio degli Stati,Die Mitte-Fraktion. Die Mitte. EVP.,Le Groupe du Centre. Le Centre. PEV.,Il Gruppo del Centro. Alleanza del Centro. PEV.
4207,Damian Müller,Damian,Müller,Luzern,Lucerne,Lucerna,FDP.Die Liberalen,PLR.Les Libéraux-Radicaux,PLR.I Liberali Radicali,Ständerat,Conseil des Etats,Consiglio degli Stati,FDP-Liberale Fraktion,Groupe libéral-radical,Gruppo liberale radicale
4237,Benedikt Würth,Benedikt,Würth,St. Gallen,St-Gall,San Gallo,Die Mitte,Le Centre,Alleanza del Centro,Ständerat,Conseil des Etats,Consiglio degli Stati,Die Mitte-Fraktion. Die Mitte. EVP.,Le Groupe du Centre. Le Centre. PEV.,Il Gruppo del Centro. Alleanza del Centro. PEV.
4239,Eva Herzog,Eva,Herzog,Basel-Stadt,Bâle-Ville,Basilea-Città,Sozialdemokratische Partei der Schweiz,Parti socialiste suisse,Partito socialista svizzero,Ständerat,Conseil des Etats,Consiglio degli Stati,Sozialdemokratische Fraktion,Groupe socialiste,Gruppo socialista
4240,Charles Juillard,Charles,Juillard,Jura,Jura,Giura,Die Mitte,Le Centre,Alleanza del Centro,Ständerat,Conseil des Etats,Consiglio degli Stati,Die Mitte-Fraktion. Die Mitte. EVP.,Le Groupe du Centre. Le Centre. PEV.,Il Gruppo del Centro. Alleanza del Centro. PEV.
4241,Jakob Stark,Jakob,Stark,Thurgau,Thurgovie,Turgovia,Schweizerische Volkspartei,Union Démocratique du Centre,Unione democratica di Centro,Ständerat,Conseil des Etats,Consiglio degli Stati,Fraktion der Schweizerischen Volkspartei,Groupe de l'Union démocratique du Centre,Gruppo dell'Unione democratica di Centro
4242,Céline Vara,Céline,Vara,Neuenburg,Neuchâtel,Neuchâtel,GRÜNE Schweiz,Les VERT-E-S suisses,VERDI Svizzeri,Ständerat,Conseil des Etats,Consiglio degli Stati,Grüne Fraktion,Groupe des VERT-E-S,Gruppo dei Verdi
4243,Heidi Z'graggen,Heidi,Z'graggen,Uri,Uri,Uri,Die Mitte,Le Centre,Alleanza del Centro,Ständerat,Conseil des Etats,Consiglio degli Stati,Die Mitte-Fraktion. Die Mitte. EVP.,Le Groupe du Centre. Le Centre. PEV.,Il Gruppo del Centro. Alleanza del Centro. PEV.
4244,Mathias Zopfi,Mathias,Zopfi,Glarus,Glaris,Glarona,GRÜNE Schweiz,Les VERT-E-S suisses,VERDI Svizzeri,Ständerat,Conseil des Etats,Consiglio degli Stati,Grüne Fraktion,Groupe des VERT-E-S,Gruppo dei Verdi
4303,Marianne Maret,Marianne,Maret,Wallis,Valais,Vallese,Die Mitte,Le Centre,Alleanza del Centro,Ständerat,Conseil des Etats,Consiglio degli Stati,Die Mitte-Fraktion. Die Mitte. EVP.,Le Groupe du Centre. Le Centre. PEV.,Il Gruppo del Centro. Alleanza del Centro. PEV.
4306,Johanna Gapany,Johanna,Gapany,Freiburg,Fribourg,Friburgo,FDP.Die Liberalen,PLR.Les Libéraux-Radicaux,PLR.I Liberali Radicali,Ständerat,Conseil des Etats,Consiglio degli Stati,FDP-Liberale Fraktion,Groupe libéral-radical,Gruppo liberale radicale
4309,Matthias Michel,Matthias,Michel,Zug,Zoug,Zugo,FDP.Die Liberalen,PLR.Les Libéraux-Radicaux,PLR.I Liberali Radicali,Ständerat,Conseil des Etats,Consiglio degli Stati,FDP-Liberale Fraktion,Groupe libéral-radical,Gruppo liberale radicale
4316,Othmar Reichmuth,Othmar,Reichmuth,Schwyz,Schwyz,Svitto,Die Mitte,Le Centre,Alleanza del Centro,Ständerat,Conseil des Etats,Consiglio degli Stati,Die Mitte-Fraktion. Die Mitte. EVP.,Le Groupe du Centre. Le Centre. PEV.,Il Gruppo del Centro. Alleanza del Centro. PEV.
4325,Isabelle Chassot,Isabelle,Chassot,Freiburg,Fribourg,Friburgo,Die Mitte,Le Centre,Alleanza del Centro,Ständerat,Conseil des Etats,Consiglio degli Stati,Die Mitte-Fraktion. Die Mitte. EVP.,Le Groupe du Centre. Le Centre. PEV.,Il Gruppo del Centro. Alleanza del Centro. PEV.
4332,Mathilde Crevoisier Crelier,Mathilde,Crevoisier Crelier,Jura,Jura,Giura,Sozialdemokratische Partei der Schweiz,Parti socialiste suisse,Partito socialista svizzero,Ständerat,Conseil des Etats,Consiglio degli Stati,Sozialdemokratische Fraktion,Groupe socialiste,Gruppo socialista