vote_var,weight,tag,object_nr,object_type,ideal_position,NR Objekt,vote_nr,Titel DE,Link DE,Titel FR,Link FR,Titel IT,Link IT,expl_de,expl_fr
v20767,2,Pandemie,20.04,Geschäft des Bundesrates,1,20.04,20767,Dringliche Änderung des Epidemiengesetzes angesichts der COVID-19-Krise (Proximity-Tracing-System),https://www.parlament.ch/de/ratsbetrieb/suche-curia-vista/geschaeft?AffairId=20200040,Modification urgente de la loi sur les épidémies face à la crise de COVID-19 (Système de traçage de proximité),https://www.parlament.ch/fr/ratsbetrieb/suche-curia-vista/geschaeft?AffairId=20200040,Modifica urgente della legge sulle epidemie a seguito della crisi Covid-19 (Sistema di tracciamento di prossimità),https://www.parlament.ch/it/ratsbetrieb/suche-curia-vista/geschaeft?AffairId=20200040,"Im Bereich des Proximity Tracings hat sich CH++ für effiziente und technologie-unterstützte Abläufe ausgesprochen, um eine maximale epidemiologische Wirkung bei minimalen Auswirkungen für Individuum und Gesellschaft zu erzielen. Proximity-Tracing ist ein zentraler Teil der TTIQ-Strategie fürs Pandemiemanagement; Testen, Tracing, Isolation und Quarantäne. Die Entwicklung der SwissCovid App setzt dabei dank privacy by design, Datensparsamkeit und Dezentralität neue Standards für den Bund im Bereich Schnelligkeit, Datenschutz und Zusammenarbeit mit der Wissenschaft. ","CH++ s'est prononcé en faveur de processus numériques efficaces pour le traçage de proximité afin d'obtenir un impact épidémiologique maximal tout en minimisant les conséquences pour l'individu et la société. Le traçage de proximité est une partie essentielle de la stratégie TTIQ pour la gestion de la pandémie, comprenant les tests, le traçage, l'isolement et la quarantaine. Le développement de l'application SwissCovid redéfinit les standards pour l’administration fédérale en matière de rapidité, de protection des données et de collaboration avec la communauté scientifique, grâce à la confidentialité par conception, la minimisation des données et la décentralisation."
v21029,2,Digitalisierung,19.3574,Postulat,1,19.3574,21029,Offensive für einen digitalen Service public,https://www.parlament.ch/de/ratsbetrieb/suche-curia-vista/geschaeft?AffairId=20193574,Offensive pour un service public numérique,https://www.parlament.ch/de/ratsbetrieb/suche-curia-vista/geschaeft?AffairId=20193574,Offensiva per un servizio pubblico digitale,https://www.parlament.ch/it/ratsbetrieb/suche-curia-vista/geschaeft?AffairId=20193574,"CH++ setzt sich für einen massiven und raschen Ausbau des digitalen Service public in der Schweiz ein. Das Postulat fordert vom Bundesrat eine Strategie zur Stärkung der digitalen Infrastruktur, des Umgangs und Besitzes von Daten sowie der Verbesserung digitaler Dienstleistungen für die Einwohnerinnen und Einwohner. Zudem soll die Förderung von Innovationen und digitalen Prozessen sowohl innerhalb der Verwaltung als auch im Service Public vorangetrieben werden. ","CH++ s'engage en faveur d'une expansion rapide du service public numérique en Suisse. Le postulat demande au Conseil fédéral une stratégie visant à renforcer l'infrastructure numérique, la gestion et la possession des données, ainsi que l'amélioration des services numériques pour les résident•e•s. De plus, la promotion de l'innovation et des processus numériques sera encouragée à la fois au sein de l'administration et du service public."
v22370,1,Open Data,20.3588,Motion,1,20.3588,22370,Verbesserung der Datenlage bezüglich Auswirkungen auf die Geschlechter,https://www.parlament.ch/de/ratsbetrieb/suche-curia-vista/geschaeft?AffairId=20203588,Améliorer les données sur les conséquences pour l'un et l'autre sexes,https://www.parlament.ch/fr/ratsbetrieb/suche-curia-vista/geschaeft?AffairId=20203588,Migliorare i dati sugli effetti sui due sessi,https://www.parlament.ch/it/ratsbetrieb/suche-curia-vista/geschaeft?AffairId=20203588,"CH++ hat die Verbesserung der Datenlage in der Schweiz als eine der Grundvoraussetzungen für die Krisenresilienz und die evidenzbasierte Entscheidungsfindung identifiziert. Die Bekämpfung genderspezifischer Datenlücken - in der Wissenschaft als Gender Data Gap oder Gender Data Bias bezeichnet - ist daher wichtig für die Forschung und die Gleichstellung. Der Bundesrat soll sicherstellen, dass alle relevanten Bundesstatistiken und -studien nach Geschlechtern aufgeschlüsselt und deren geschlechtsspezifische Auswirkungen analysiert und dargestellt werden.","CH++ a identifié l'amélioration de la disponibilité des données en Suisse comme l'une des conditions essentielles pour renforcer la résilience face aux crises et prendre des décisions fondées sur les faits. La lutte contre les lacunes spécifiques au genre dans les données, connues sous le nom de ""Gender Data Gap"" ou ""Gender Data Bias"", est donc importante pour la recherche et l'égalité. La motion demande au Conseil fédéral de veiller à ce que toutes les statistiques et études fédérales pertinentes soient ventilées par genre et que leurs impacts spécifiques selon le genre soient analysés et présentés."
v23336,1.5,Wissenschaft,21.3453,Motion,1,21.3453,23336,Wissenschaftliche Begleitung von Long-Covid-Fällen,https://www.parlament.ch/de/ratsbetrieb/suche-curia-vista/geschaeft?AffairId=20213453,"Suivi scientifique des cas de ""Covid long""",https://www.parlament.ch/fr/ratsbetrieb/suche-curia-vista/geschaeft?AffairId=20213453,Assistenza scientifica per i casi di Covid lunga,https://www.parlament.ch/it/ratsbetrieb/suche-curia-vista/geschaeft?AffairId=20213453,"CH++ fordert eine nationale Gesundheitskohorte zur Erforschung von akuten und chronischen Gesundheitsproblemen der Bevölkerung. Long-Covid ist ein prominentes Beispiel für ein chronisches Gesundheitsproblem, das heute ungenügend erforscht und begleitet wird. Die Motion fordert den Bundesrat auf, finanzielle Mittel bereitzustellen und Programme zu initiieren, um Long-Covid-Fälle systematisch zu erforschen und zu begleiten.",CH++ demande la création d'une cohorte nationale de santé pour la recherche sur les problèmes de santé aigus et chroniques de la population. Le Long-Covid est un exemple important d'un problème de santé chronique qui est actuellement insuffisamment étudié et suivi. La motion demande au Conseil fédéral de fournir des ressources financières et de lancer des programmes visant à étudier systématiquement les cas de Long-Covid et à les accompagner.
v23487,2,Digitalisierung,21.3124,Motion,1,21.3124,23487,Vertrauenswürdige staatliche E-ID,https://www.parlament.ch/de/ratsbetrieb/suche-curia-vista/geschaeft?AffairId=20213129,À l'État de mettre en place une identification électronique fiable,https://www.parlament.ch/fr/ratsbetrieb/suche-curia-vista/geschaeft?AffairId=20213129,Identità elettronica statale affidabile,https://www.parlament.ch/it/ratsbetrieb/suche-curia-vista/geschaeft?AffairId=20213129,"CH++ setzt sich dafür ein, dass alle digitalen Projekte des Bundes, die mit persönlichen Daten in Verbindung stehen, den folgenden drei Prinzipien entsprechen: privacy by design, Datensparsamkeit und dezentrale Datenspeicherung. Die von fünf der sechs Fraktionen im Nationalrat eingereichte Motion fordert vom Bundesrat eine rasche Aufgleisung einer öffentlichen E-ID, die diesen Prinzipien entspricht.","CH++ s'engage à ce que tous les projets numériques de l’administration fédérale impliquant des données personnelles respectent les trois principes suivants : la confidentialité dès la conception (privacy by design), la minimisation et le stockage décentralisé des données. La motion, déposée par cinq des six groupes au Conseil national, demande au Conseil fédéral d'accélérer la mise en place d'une identification électronique publique (E-ID) qui respecte ces principes."
v23607,1,Digitalisierung,21.3607,Postulat,1,21.3607,23607,Elektronisches Sammeln von Unterschriften für Initiativen und Referenden,https://www.parlament.ch/de/ratsbetrieb/suche-curia-vista/geschaeft?AffairId=20213607,Récolte de signatures par voie électronique pour les initiatives et les référendums,https://www.parlament.ch/fr/ratsbetrieb/suche-curia-vista/geschaeft?AffairId=20213607,Raccolta elettronica delle firme per le iniziative e i referendum,https://www.parlament.ch/it/ratsbetrieb/suche-curia-vista/geschaeft?AffairId=20213607,"CH++ hat sich im Rahmen der Vernehmlassung zum e-Voting dafür ausgesprochen, dass das elektronische Sammeln von Unterschriften vom Bund prioritär vorangetrieben wird, da es im Gegensatz zum e-Voting heute ein gutes Nutzen-Risiko-Verhältnis bietet. Das Postulat beauftragt den Bundesrat, die staatspolitischen Auswirkungen vom elektronischen Sammeln von Unterschriften zu untersuchen.","CH++ a exprimé, dans le cadre de la consultation sur le e-voting, son soutien au développement de la collecte électronique de signatures, car contrairement au e-voting, elle présente actuellement un bon rapport bénéfice-risque. Le postulat charge le Conseil fédéral d'étudier les implications politiques de la collecte électronique de signatures."
v24059,1.5,Institutionen,19.503,Parlamentarische Initiative,1,19.503,24059,Konkordanz stärken mit neun Bundesratsmitgliedern,https://www.parlament.ch/de/ratsbetrieb/suche-curia-vista/geschaeft?AffairId=20190503,Améliorer la concordance avec neuf conseillers fédéraux,https://www.parlament.ch/fr/ratsbetrieb/suche-curia-vista/geschaeft?AffairId=20190503,Nove consiglieri federali per rafforzare la concordanza,https://www.parlament.ch/it/ratsbetrieb/suche-curia-vista/geschaeft?AffairId=20190503,"CH++ setzt sich für die Erhöhung der Anzahl der Bundesrät:innen von 7 auf 9 und die Schaffung eines Bundesdepartements für Technologie ein. Denn es ist von entscheidender Bedeutung, dass Technologie-Kompetenzen auf allen Ebenen des Staates entwickelt werden. Allerdings reicht dies allein nicht mehr aus, da der technologische Wandel zu schnell und zu tiefgreifend ist. Daher ist es notwendig, Fachkompetenzen und Ressourcen zu bündeln.","CH++ s’engage en faveur de l'augmentation du nombre de membres du Conseil fédéral de 7 à 9 et de la création d'un département fédéral de la technologie. Il est essentiel de développer des compétences technologiques à tous les niveaux de l'État. Cependant, cela ne suffit plus, car le changement technologique est trop rapide et profond. Il est donc nécessaire de regrouper les compétences spécialisées et les ressources pour faire face à ces défis."
v24907,1.5,Data Literacy,22.3016,Motion,1,22.3016,24907,Implementierung einer nachhaltigen Data-Literacy-Strategie in der digitalen Transformation des Gesundheitswesens,https://www.parlament.ch/de/ratsbetrieb/suche-curia-vista/geschaeft?AffairId=20223016,Mise en oeuvre d'une stratégie durable de littératie des données (compétences en matière de données) dans le cadre de la transformation numérique du système de santé,https://www.parlament.ch/fr/ratsbetrieb/suche-curia-vista/geschaeft?AffairId=20223016,Attuazione di una strategia durevole in materia di alfabetizzazione digitale nell’ambito della trasformazione digitale del sistema sanitario,https://www.parlament.ch/it/ratsbetrieb/suche-curia-vista/geschaeft?AffairId=20223016,"CH++ setzt sich für eine rasche digitale Transformation des Gesundheitswesens ein. Data Literacy ist dabei ein wichtiger Baustein - es geht um die Fähigkeit, Daten zu verstehen, zu interpretieren, kritisch zu bewerten und effektiv zu nutzen, um fundierte Entscheidungen zu treffen. Die Pandemie hat aufgezeigt, dass die Schweiz hier einen massiven Aufholbedarf hat - vor allem im Gesundheitssektor. Die Motion fordert den Bundesrat auf, strategische und operative Massnahmen zur Entwicklung von Datenkompetenzprojekten zu ergreifen.","CH++ défend la transformation numérique rapide du système de santé. La littératie des données est un élément clé dans ce processus - il s'agit de la capacité de comprendre, d'interpréter, d'évaluer de manière critique et d'utiliser efficacement les données pour prendre des décisions éclairées. La pandémie a mis en évidence le besoin urgent pour la Suisse de combler un retard important dans ce domaine, en particulier dans le secteur de la santé. La motion demande au Conseil fédéral de prendre des mesures stratégiques et opérationnelles pour développer des projets de compétences en matière de données."
v25013,1,Digitalisierung,20.37,Postulat,1,20.37,25013,Nutzung anonymisierter persönlicher Daten im öffentlichen Interesse. Prüfung der Machbarkeit einer freiwilligen Datenspende,https://www.parlament.ch/de/ratsbetrieb/suche-curia-vista/geschaeft?AffairId=20203700,"Examiner la faisabilité d'un don volontaire de données personnelles anonymisées, en vue d'un usage d'intérêt public",https://www.parlament.ch/fr/ratsbetrieb/suche-curia-vista/geschaeft?AffairId=20203700,Esaminare la fattibilità della donazione di dati su base volontaria (impiego di dati personali anonimizzati nell'interesse pubblico),https://www.parlament.ch/it/ratsbetrieb/suche-curia-vista/geschaeft?AffairId=20203700,"Wir haben die die Verbesserung der Datenlage in der Schweiz als eine der Grundvoraussetzungen für die Krisenresilienz und die evidenzbasierte Entscheidungsfindung identifiziert. Bereits gesammelte Daten müssen unter bestimmten Voraussetzungen weiterverwendet werden können. Das Postulat fordert vom Bundesrat Lösungsansätze, wie die Bereitstellung persönlicher Daten auf anonymer Basis (Datenspende) zur Nutzung im öffentlichen Interesse, insbesondere für die Forschung im Gesundheitswesen, gefördert werden kann.","Nous avons identifié l'amélioration de la situation des données en Suisse comme l'une des conditions préalables essentielles pour renforcer la résilience face aux crises et prendre des décisions fondées sur des faits. Les données déjà collectées doivent pouvoir être réutilisées sous certaines conditions. Le postulat demande au Conseil fédéral de proposer des solutions sur la manière dont la mise à disposition de données personnelles de manière anonyme (don de données) à des fins d'intérêt public, en particulier pour la recherche dans le domaine de la santé, peut être encouragée."
v25070,1.5,Krisenmanagement,20.3542,Postulat,1,20.3542,25070,Ein Kompetenzzentrum für die Zeit nach Covid-19,https://www.parlament.ch/de/ratsbetrieb/suche-curia-vista/geschaeft?AffairId=20203542,Un centre de compétence pour gérer l'après-Covid-19,https://www.parlament.ch/fr/ratsbetrieb/suche-curia-vista/geschaeft?AffairId=20203542,Un centro di competenza per gestire il dopo Covid-19,https://www.parlament.ch/it/ratsbetrieb/suche-curia-vista/geschaeft?AffairId=20203542,"Eine der CH++ Kernforderungen im Bereich Krisenmanagement der Schweiz ist die Schaffung eines permanenten interdisziplinären Krisenstabs. Das Postulat fordert den Bundesrat auf, die Schaffung eines Kompetenzzentrums für Krisenlagen zu prüfen.",Une des principales revendications de CH++ dans le domaine de la gestion des crises en Suisse est la création d'un état-major de crise interdisciplinaire et permanent. La motion demande au Conseil fédéral d'étudier la possibilité de créer un centre de compétence pour les situations de crise.
v25320,1.5,Krisenmanagement,22.3506,Motion,1,22.3506,25320,"Rechtsgrundlagen für einen ""Fach-Krisenstab""",https://www.parlament.ch/de/ratsbetrieb/suche-curia-vista/geschaeft?AffairId=20223506,"Bases légales pour un ""état-major de crise spécialisé""",https://www.parlament.ch/fr/ratsbetrieb/suche-curia-vista/geschaeft?AffairId=20223506,"Basi legali per uno ""stato maggiore di crisi specializzato""",https://www.parlament.ch/it/ratsbetrieb/suche-curia-vista/geschaeft?AffairId=20223506,"Die “Swiss National COVID-19 Science Task Force” hat eine zentrale Rolle in der Krisenorganisation des Bundes gespielt und nahm die Funktion als ""Fach-Krisenstab"" im Gesundheitsbereich wahr. Das Postulat fordert die Anpassung der bestehenden Rechtsgrundlagen des Krisenmanagements, um die Aktivitäten eines ""Fach-Krisenstabs"" in Krisenzeiten besser einzurahmen.","La ""Swiss National COVID-19 Science Task Force"" a joué un rôle central dans la gestion de crise au niveau fédéral et a assumé la fonction d’état-major spécialisé dans le domaine de la santé. Le postulat demande une adaptation des cadres légaux en matière de gestion des crises afin de mieux encadrer les activités d’un tel organe pendant les périodes de crise."
v25344,1,Cybersec,20.4495,Motion,1,20.4495,25344,Beteiligung des Bundes beim Aufbau und Betrieb des Nationalen Testinstituts für Cybersicherheit,https://www.parlament.ch/de/ratsbetrieb/suche-curia-vista/geschaeft?AffairId=20204495,Participation de la Confédération à la création et au fonctionnement de l'institut national de test pour la cybersécurité,https://www.parlament.ch/fr/ratsbetrieb/suche-curia-vista/geschaeft?AffairId=20204495,Partecipazione della Confederazione alla creazione e all'esercizio dell'Istituto nazionale di test per la cibersicurezza,https://www.parlament.ch/it/ratsbetrieb/suche-curia-vista/geschaeft?AffairId=20204495,"Cybersicherheit ist aktuell eine der grössten Herausforderungen im Bereich der Sicherheit und ist auch für CH++ ein zentrales Anliegen. Der Bundesrat wird beauftragt, die rechtlichen Grundlagen für die Beteiligung des Bundes am Aufbau und Betrieb eines Nationalen Testinstituts für Cybersicherheit (NTC) zu schaffen. Die Initiative, die unter der Schirmherrschaft des Kantons Zug steht, zielt darauf ab, die Sicherheitslücken bei Produkten internationaler Hard- und Softwareanbieter zu schliessen.","La cybersécurité est l'un des défis majeurs dans le domaine de la sécurité et constitue également une préoccupation centrale pour CH++. Le Conseil fédéral est chargé de créer les bases légales pour la participation de la Confédération à la mise en place et au fonctionnement d'un Institut national de test pour la cybersécurité. L'initiative, soutenue par le canton de Zoug, vise à combler les failles de sécurité dans les produits proposés par des fournisseurs internationaux de matériel et de logiciels."
v25479,2,Digitalisierung,22.022,Geschäft des Bundesrates,1,22.022,25479,Einsatz elektronischer Mittel zur Erfüllung von Behördenaufgaben. Bundesgesetz,https://www.parlament.ch/de/ratsbetrieb/suche-curia-vista/geschaeft?AffairId=20220022,Utilisation des moyens électroniques pour l’exécution des tâches des autorités. Loi fédérale,https://www.parlament.ch/fr/ratsbetrieb/suche-curia-vista/geschaeft?AffairId=20220022,Impiego di mezzi elettronici per l’adempimento dei compiti delle autorità. Legge federale,https://www.parlament.ch/it/ratsbetrieb/suche-curia-vista/geschaeft?AffairId=20220022,"Das Rahmengesetz für die Digitalisierung des Bundes gibt eine klare strategische Entwicklung vor: Open Government Data als bindende Vorgabe, verbindliche offene Standards, die Ermöglichung von Pilotversuchen und gemeinwohlorientierten Digitalisierungsprojekten sowie das Veröffentlichen von Open Source Software. Dies sind aus unserer Sicht grundlegende Voraussetzung für eine verantwortungsvolle und effiziente Digitalisierung, die nicht im Gegensatz zu individuellen Freiheiten steht.CH++ hat sich im Rahmen der parlamentarischen Debatten zum Gesetz für einen maximalen Gültigkeitsbereich eingesetzt, um gegen den digitalen “Flickenteppich”, der heute die Schweizerischen Verwaltungen ausmacht, zu kämpfen. Eine Minderheit forderte die Ausweitung des Gültigkeitsbereichs auf die dezentralisierte Bundesverwaltung. Die Minderheit wurde abgelehnt.","La loi-cadre sur la numérisation de la Confédération établit des orientations stratégiques claires, notamment en ce qui concerne l'Open Government Data, les normes ouvertes contraignantes, la possibilité de mettre en place des projets-pilotes et des projets numériques d'intérêt général, ainsi que la publication de logiciels en Open Source. Selon CH++, ce sont des conditions fondamentales pour une numérisation responsable et efficace qui n'entrave pas les libertés individuelles. Dans le cadre des débats parlementaires sur la loi, CH++ a plaidé en faveur d'une portée maximale pour lutter contre le ""patchwork numérique"" qui caractérise actuellement les administrations suisses. Une minorité a demandé l'extension du champ d’application de la loi à l'administration fédérale décentralisée, mais cette proposition a été rejetée."
v26199,2,Digitalisierung,22.022,Geschäft des Bundesrates,0,22.022,26199,Einsatz elektronischer Mittel zur Erfüllung von Behördenaufgaben. Bundesgesetz,https://www.parlament.ch/de/ratsbetrieb/suche-curia-vista/geschaeft?AffairId=20220022,Utilisation des moyens électroniques pour l’exécution des tâches des autorités. Loi fédérale,https://www.parlament.ch/fr/ratsbetrieb/suche-curia-vista/geschaeft?AffairId=20220022,Impiego di mezzi elettronici per l’adempimento dei compiti delle autorità. Legge federale,https://www.parlament.ch/it/ratsbetrieb/suche-curia-vista/geschaeft?AffairId=20220022,Eine Minderheit forderte die Ausweitung des Geltungsbereichs des Gesetzes auf die Kantone. Die Minderheit wurde abgelehnt.,"Une minorité a demandé l'extension du champ d’application de la loi aux cantons, mais cette proposition a été rejetée."
v25485,2,Digitalisierung,22.022,Geschäft des Bundesrates,0,22.022,25485,Einsatz elektronischer Mittel zur Erfüllung von Behördenaufgaben. Bundesgesetz,https://www.parlament.ch/de/ratsbetrieb/suche-curia-vista/geschaeft?AffairId=20220022,Utilisation des moyens électroniques pour l’exécution des tâches des autorités. Loi fédérale,https://www.parlament.ch/fr/ratsbetrieb/suche-curia-vista/geschaeft?AffairId=20220022,Impiego di mezzi elettronici per l’adempimento dei compiti delle autorità. Legge federale,https://www.parlament.ch/it/ratsbetrieb/suche-curia-vista/geschaeft?AffairId=20220022,"CH++ setzt sich für das Prinzip “open by default” ein: der Quellcode öffentlich finanzierter Software muss standartmässig offen sein, ohne zusätzliche Hürden. Eine Minderheit forderte dies, wurde aber abgelehnt.","CH++ plaide en faveur du principe ""open by default"" : le code source des logiciels financés par des fonds publics doit être ouvert par défaut, sans obstacles supplémentaires. Une minorité a fait cette demande, mais elle a été rejetée."
v25488,2,Digitalisierung,22.022,Geschäft des Bundesrates,1,22.022,25488,Einsatz elektronischer Mittel zur Erfüllung von Behördenaufgaben. Bundesgesetz,https://www.parlament.ch/de/ratsbetrieb/suche-curia-vista/geschaeft?AffairId=20220022,Utilisation des moyens électroniques pour l’exécution des tâches des autorités. Loi fédérale,https://www.parlament.ch/fr/ratsbetrieb/suche-curia-vista/geschaeft?AffairId=20220022,Impiego di mezzi elettronici per l’adempimento dei compiti delle autorità. Legge federale,https://www.parlament.ch/it/ratsbetrieb/suche-curia-vista/geschaeft?AffairId=20220022,Das Gesetz wurde in der Schlussabstimmung klar angenommen.,La loi a été clairement acceptée lors du vote final.
v25607,1,Digitalisierung,22.3163,Motion,1,22.3163,25607,Stärkung der digitalen Kompetenzen von Gesundheitsfachpersonen,https://www.parlament.ch/de/ratsbetrieb/suche-curia-vista/geschaeft?AffairId=20223163,Renforcement des compétences numériques chez les professionnels de la santé,https://www.parlament.ch/fr/ratsbetrieb/suche-curia-vista/geschaeft?AffairId=20223163,Rafforzare le competenze digitali dei professionisti della salute,https://www.parlament.ch/it/ratsbetrieb/suche-curia-vista/geschaeft?AffairId=20223163,"CH++ setzt sich für eine rasche digitale Transformation des Gesundheitswesens ein. Die Digitalisierung des Gesundheitssystems setzt dabei voraus, dass die Gesundheitsfachpersonen entsprechende Kompetenzen entwickeln können. Die Motion fordert die Revision der Rechtsgrundlage, um digitale Kompetenzen in die Aus-und Weiterbildung der Gesundheitsfachpersonen einbinden zu können. Die Motion wurde vom Nationalrat und dem Ständerat angenommen.","CH++ s’engage en faveur d'une transformation numérique rapide du système de santé. Pour cela, les professionnel•le•s de la santé puissent pouvoir développer les compétences nécessaires. La motion demande la révision du cadre légal afin d'intégrer les compétences numériques dans la formation initiale et continue des professionnels de la santé. La motion a été adoptée par le Conseil national et le Conseil des États."
v25715,1,"EPD, Gesundheitswesen, Digitalisierung",20.3209,Motion,1,20.3209,25715,Elektronische Rezepte für Heilmittel. Bessere Qualität und höhere Patientensicherheit,https://www.parlament.ch/de/ratsbetrieb/suche-curia-vista/geschaeft?AffairId=20203209,"Mettre en place la prescription médicale électronique, pour le plus grand bénéfice des patients",https://www.parlament.ch/fr/ratsbetrieb/suche-curia-vista/geschaeft?AffairId=20203209,Ricetta elettronica per agenti terapeutici. Migliore qualità e maggiore sicurezza dei pazienti,https://www.parlament.ch/it/ratsbetrieb/suche-curia-vista/geschaeft?AffairId=20203209,"CH++ hat sich im Rahmen der Vernehmlassung zur Überbrückungsfinanzierung des elektronischen Patientendossiers (EPD) für einen raschen Ausbau der Prozesse und Anwendungsfälle innerhalb des EPD ausgesprochen. Elektronische Rezepte für Heilmittel (e-Medikation) sind ein klarer Anwendungsfall für das elektronische Patientendossier. Das System hat das Potenzial, die Patientensicherheit zu erhöhen, vor allem im Hinblick auf Polymedikation.","CH++ a exprimé, dans le cadre de la consultation sur le financement d’appoint du dossier électronique du patient (DEP), son soutien en faveur d'une expansion rapide des processus et des cas d’application concrets au sein de l'EPD, comme par exemple les prescriptions électroniques de médicaments. Le système a le potentiel d'améliorer la sécurité des patients, en particulier en ce qui concerne la polymédication."
v25814,1.5,Digitalisierung,22.4255,Motion,1,22.4255,25814,Finanzierung von dezentralen Digitalisierungsprojekten,https://www.parlament.ch/de/ratsbetrieb/suche-curia-vista/geschaeft?AffairId=20224255,Financement des projets de numérisation décentralisés,https://www.parlament.ch/fr/ratsbetrieb/suche-curia-vista/geschaeft?AffairId=20224255,Finanziamento di progetti di digitalizzazione decentralizzati,https://www.parlament.ch/it/ratsbetrieb/suche-curia-vista/geschaeft?AffairId=20224255,"CH++ unterstreicht die wichtige Rolle von Pilotprojekten für eine gelungene Digitalisierung. Die Motion fordert Finanzierungslösungen für digitale Projekte, welche Interoperabilität und Mehrfachnutzung digitaler Behördenprozesse (E-Government) und Wahrnehmung politischer Teilhabe (CivicTech) ermöglichen, in der Bundesverwaltung sowie subsidiär in Gemeinden und Kantonen.","CH++ souligne le rôle essentiel des projets pilotes pour une digitalisation réussie. La motion demande des solutions de financement pour des projets numériques permettant l'interopérabilité et l'utilisation multiple des processus administratifs numériques (e-gouvernement) ainsi que la participation politique (CivicTech) au sein de l'administration fédérale, des communes et des cantons."
v26464,1.5,Cybersec,22.073,Geschäft des Bundesrates,1,22.073,26464,Informationssicherheitsgesetz. Änderung (Einführung einer Meldepflicht für Cyberangriffe auf kritische Infrastrukturen),https://www.parlament.ch/de/ratsbetrieb/suche-curia-vista/geschaeft?AffairId=20220073,Loi sur la sécurité de l'information. Modification (Inscription d'une obligation de signaler les cyberattaques contre les infrastructures critiques),https://www.parlament.ch/fr/ratsbetrieb/suche-curia-vista/geschaeft?AffairId=20220073,Legge sulla sicurezza delle informazioni. Modifica (Introduzione dell’obbligo di segnalare ciberattacchi a infrastrutture critiche),https://www.parlament.ch/it/ratsbetrieb/suche-curia-vista/geschaeft?AffairId=20220073,"CH++ setzt sich für mehr öffentliche Ressourcen und Kompetenzen im Bereich Cybersecurity ein. Die Änderung des Informationssicherheitsgesetzes schafft eine gesetzliche Grundlage für die Meldepflicht von Cyberangriffen für kritische Infrastrukturen. CH++ hat sich im Rahmen der Vernehmlassung für eine Meldefrist von Cyberangriffen von 24 Stunden ausgesprochen. Eine Minderheit hat beantragt, die Meldefrist von 24 auf 72 Stunden zu erhöhen. Dies wurde klar abgelehnt.","CH++ s’engage en faveur d'une augmentation des ressources et des compétences publiques dans le domaine de la cybersécurité. La modification de la loi sur la sécurité de l'information crée une base légale pour l'obligation de signaler les cyberattaques sur les infrastructures critiques. Dans le cadre de la consultation, CH++ a soutenu une obligation de déclaration des cyberattaques dans un délai de 24 heures. Une minorité a proposé de porter le délai de déclaration à 72 heures, mais cette proposition a été clairement rejetée."
v26465,2,Cybersec,22.073,Geschäft des Bundesrates,1,22.073,26465,Informationssicherheitsgesetz. Änderung (Einführung einer Meldepflicht für Cyberangriffe auf kritische Infrastrukturen),https://www.parlament.ch/de/ratsbetrieb/suche-curia-vista/geschaeft?AffairId=20220073,Loi sur la sécurité de l'information. Modification (Inscription d'une obligation de signaler les cyberattaques contre les infrastructures critiques),https://www.parlament.ch/fr/ratsbetrieb/suche-curia-vista/geschaeft?AffairId=20220073,Legge sulla sicurezza delle informazioni. Modifica (Introduzione dell’obbligo di segnalare ciberattacchi a infrastrutture critiche),https://www.parlament.ch/it/ratsbetrieb/suche-curia-vista/geschaeft?AffairId=20220073,CH++ hat sich im Rahmen der Vernehmlassung zu dem Gesetzesentwurf für weitgehende Sanktionsmöglichkeiten ausgesprochen. Eine Minderheit hat die Streichung der Möglichkeit von Sanktionierungen bei Nichtbefolgen der Meldepflicht beantragt. Dies wurde klar abgelehnt.,"CH++ s'est exprimé en faveur des sanctions étendues dans le cadre de la consultation du projet de loi. Une minorité a demandé la suppression de la possibilité de sanctions en cas de non-respect de l'obligation de déclaration, mais cette demande a été clairement rejetée."
v26466,2,Cybersec,22.073,Geschäft des Bundesrates,1,22.073,26466,Informationssicherheitsgesetz. Änderung (Einführung einer Meldepflicht für Cyberangriffe auf kritische Infrastrukturen),https://www.parlament.ch/de/ratsbetrieb/suche-curia-vista/geschaeft?AffairId=20220073,Loi sur la sécurité de l'information. Modification (Inscription d'une obligation de signaler les cyberattaques contre les infrastructures critiques),https://www.parlament.ch/fr/ratsbetrieb/suche-curia-vista/geschaeft?AffairId=20220073,Legge sulla sicurezza delle informazioni. Modifica (Introduzione dell’obbligo di segnalare ciberattacchi a infrastrutture critiche),https://www.parlament.ch/it/ratsbetrieb/suche-curia-vista/geschaeft?AffairId=20220073,Das Gesetz wurde in der Schlussabstimmung klar angenommen.,La loi a été clairement acceptée lors du vote final.
v26764,1,Pandemie,21.3647,Motion,1,21.3647,26764,Schaffung eines nationalen Pandemie-Frühwarnzentrums,https://www.parlament.ch/de/ratsbetrieb/suche-curia-vista/geschaeft?AffairId=20213647,Création d'un centre d'alerte national sur les pandémies,https://www.parlament.ch/fr/ratsbetrieb/suche-curia-vista/geschaeft?AffairId=20213647,Istituire un centro nazionale di allerta per le pandemie,https://www.parlament.ch/it/ratsbetrieb/suche-curia-vista/geschaeft?AffairId=20213647,CH++ setzt sich für eine pragmatische Regulierung von Plattformen sowie von künstlicher Intelligenz ein. Die Motion fordert vom Bundesrat eine klare Position zur europäischen Regulierung in diesen Bereichen.,CH++ défend une régulation pragmatique des plateformes ainsi que de l'intelligence artificielle. La motion demande au Conseil fédéral de prendre clairement position concernant la régulation européenne dans ces domaines.
v26638,1.5,AI/Digitalisierung,21.3676,Motion,1,21.3676,26638,Auftrag für die Mitwirkung an der europäischen Regulierung der Digitalisierung,https://www.parlament.ch/de/ratsbetrieb/suche-curia-vista/geschaeft?AffairId=20213676,Pour une participation de la Suisse à la réglementation européenne du numérique,https://www.parlament.ch/fr/ratsbetrieb/suche-curia-vista/geschaeft?AffairId=20213676,Spingere sulla partecipazione della Svizzera alla normativa europea in materia di digitalizzazione,https://www.parlament.ch/it/ratsbetrieb/suche-curia-vista/geschaeft?AffairId=20213676,"Die COVID-19-Pandemie hat ausdrücklich gezeigt, dass die Schweiz ein Upgrade ihrer Pandemie- und Krisenmanagementpolitik braucht. Die international vernetzte und koordinierte Früherkennung von Pandemien ist ein wichtiger Grundpfeiler für rapide Interventionen im Krisenfall.",La pandémie de COVID-19 a clairement démontré que la Suisse a besoin d'une mise à niveau de sa politique en matière de gestion des pandémies et des crises. La détection précoce des pandémies coordonnée au niveau international est un pilier essentiel pour des interventions rapides en cas de crise.
v26742,1.5,Digitalisierung,22.3859,Motion,1,22.3859,26742,Masterplan zur digitalen Transformation im Gesundheitswesen. Nutzung von gesetzlichen Standards und bestehenden Daten,https://www.parlament.ch/de/ratsbetrieb/suche-curia-vista/geschaeft?AffairId=20223859,Plan directeur de la transformation numérique dans le système de santé. Utilisation des standards légaux et des données existantes,https://www.parlament.ch/fr/ratsbetrieb/suche-curia-vista/geschaeft?AffairId=20223859,Masterplan per la trasformazione digitale nel settore sanitario. Utilizzare standard legali e dati disponibili,https://www.parlament.ch/it/ratsbetrieb/suche-curia-vista/geschaeft?AffairId=20223859,"CH++ setzt sich für eine rasche digitale Transformation des Gesundheitswesens ein. Die Motion fordert vom Bundesrat einen konkreten Masterplan, der die zeitlichen und inhaltlichen Digitalisierungsziele verlässlich darlegt und aufzeigt, wie sie erreicht werden sollen.","CH++ plaide en faveur d'une transformation numérique rapide du système de santé. La motion demande au Conseil fédéral d'élaborer un plan directeur concret qui présente de manière fiable les objectifs de numérisation, tant sur le plan temporel que sur le plan du contenu, et qui indique comment les atteindre."